Make,Model,Details,Storage,Device,Monthly Policy Price,Replacement Price,Release Price,Release Price url,Os,InitialVersion,MaxVersion,Processor,Cores,Memory,SSD,Physical Screen,Resolution,Camera,4G,Frequency,Release Date,Picture,Urls,Replacement Make,Replacement Model,Replacement Memory,
Alcatel,Idol 3,IDOL 3 4.7,8,'idol347',3.99,£130.00,£150.00,http://www.cnet.com/uk/products/alcatel-onetouch-idol-3-4-7/,Android,5.0.2,,1200,4,1536,Y,119,720x1280,13,Y,850 / 900 / 1800 / 1900 ,6/15,https://upload.wikimedia.org/wikipedia/commons/e/e3/Acatel_Idol_3_smartphones.jpg,http://www.gsmarena.com/alcatel_idol_3_(4_7)-7080.php,,,,
Alcatel,Idol 3,Idol 3 5.5”,16,'idol3',5.49,,£260.00,http://www.trustedreviews.com/alcatel-one-touch-idol-3-review,Android,5.0.2,,1500,4,2048,Y,139.7,1080 x 1920,13,Y,850 / 900 / 1800 / 1900 ,6/15,,http://www.gsmarena.com/alcatel_idol_3_%285_5%29-7081.php,HTC,Desire 626,16,
AMAZON,,FIRE 32G,32,,5.49,,£299.00,http://www.pcadvisor.co.uk/review/android-smartphones/amazon-fire-phone-review-3525983/,Fire,3.5,3.6.5,,,,N,119.38,720 x 1280,13,Y,850 / 900 / 1800 / 1900 , 7 /14,,http://www.gsmarena.com/amazon_fire_phone-6453.php,,,,
AMAZON,,FIRE 64G,64,,5.49,,£379.00,http://www.pcadvisor.co.uk/review/android-smartphones/amazon-fire-phone-review-3525983/,Fire,3.5,3.6.5,,,,N,119.38,720 x 1280,13,Y,850 / 900 / 1800 / 1900 , 7 /14,,http://www.gsmarena.com/amazon_fire_phone-6453.php,,,,
Apple,iPhone 4,IPHONE 4 16G,16,"'iPhone 4', 'iPhone3,1', 'iPhone3,2', 'iPhone3,3'",4.99,£224.66,£499.00,http://www.techweekeurope.co.uk/workspace/iphone-4-uk-pricing-revealed-7747,iOS,4,7.1.1,1000,1,512,N,88.9,640 x 960,5,N,850 / 900 / 1800 / 1900 ,6/10,,http://www.gsmarena.com/apple_iphone_4-3275.php,Apple,iPhone 4S,16,
Apple,iPhone 4,IPHONE 4 32G,32,"'iPhone 4', 'iPhone3,1', 'iPhone3,2', 'iPhone3,3'",4.99,£225.04,£599.00,http://www.techweekeurope.co.uk/workspace/iphone-4-uk-pricing-revealed-7747,iOS,4,7.1.1,1000,1,512,N,88.9,640 x 960,5,N,850 / 900 / 1800 / 1900 ,6/10,,http://www.gsmarena.com/apple_iphone_4-3275.php,Apple,iPhone 5S,32,
Apple,iPhone 4,IPHONE 4 8G,8,"'iPhone 4', 'iPhone3,1', 'iPhone3,2', 'iPhone3,3'",4.99,£226.21,£429.00,http://www.t3.com/news/apple-officially-unveil-8gb-iphone-4-at-iphone-4s-launch,iOS,4,7.1.1,1000,1,512,N,88.9,640 x 960,5,N,850 / 900 / 1800 / 1900 ,6/10,,http://www.gsmarena.com/apple_iphone_4-3275.php,Apple,iPhone 4S,16,
Apple,iPhone 4S,IPHONE 4S 16G,16,"'iPhone 4s', 'iPhone4,1'",4.99,£310.41,£499.00,http://www.cnet.com/uk/news/iphone-4s-uk-price-and-release-date-confirmed/,iOS,5,9.3,1000,2,512,N,88.9,640 x 960,8,N,850 / 900 / 1800 / 1900,10/11,,http://www.gsmarena.com/apple_iphone_4s-4212.php,,,,
Apple,iPhone 4S,IPHONE 4S 32G,32,"'iPhone 4s', 'iPhone4,1'",4.99,£356.89,£600.00,http://www.stuff.tv/news/iphone-4s-uk-tariffs-price-and-release-date,iOS,5,9.3,1000,2,512,N,88.9,640 x 960,8,N,850 / 900 / 1800 / 1900,10/11,,http://www.gsmarena.com/apple_iphone_4s-4212.php,Apple,iPhone 5S,32,
Apple,iPhone 4S,IPHONE 4S 64G,64,"'iPhone 4s', 'iPhone4,1'",4.99,£415.67,£700.00,http://www.stuff.tv/news/iphone-4s-uk-tariffs-price-and-release-date,iOS,5,9.3,1000,2,512,N,88.9,640 x 960,8,N,850 / 900 / 1800 / 1900,10/11,,http://www.gsmarena.com/apple_iphone_4s-4212.php,Apple,iPhone 6,64,
Apple,iPhone 4S,IPHONE 4S 8G,8,"'iPhone 4s', 'iPhone4,1'",4.99,£216.31,£349.00,http://www.macworld.co.uk/news/iphone/when-will-iphone-4s-be-discontinued-3465728/,iOS,5,9.3,1000,2,512,N,88.9,640 x 960,8,N,850 / 900 / 1800 / 1900,9/12,,http://www.gsmarena.com/apple_iphone_4s-4212.php,,,,
Apple,iPhone 5,IPHONE 5 16G,16,"'iPhone 5', 'iPhone5,1', 'iPhone5,2'",4.99,£274.27,£529.00,http://www.mirror.co.uk/news/technology-science/technology/iphone-5-release-date-launch-1332439,iOS,6,9.3,1300,2,1024,N,101.6,640 x 1136,8,Y,850 / 900 / 1800 / 1900,9/12,,http://www.gsmarena.com/apple_iphone_5-4910.php,,,,
Apple,iPhone 5,IPHONE 5 32G,32,"'iPhone 5', 'iPhone5,1', 'iPhone5,2'",5.49,£409.24,£599.00,http://www.mirror.co.uk/news/technology-science/technology/iphone-5-release-date-launch-1332439,iOS,6,9.3,1300,2,1024,N,101.6,640 x 1136,8,Y,850 / 900 / 1800 / 1900,9/12,,http://www.gsmarena.com/apple_iphone_5-4910.php,Apple,iPhone 5S,32,
Apple,iPhone 5,IPHONE 5 64G,64,"'iPhone 5', 'iPhone5,1', 'iPhone5,2'",5.49,£406.33,£699.00,http://www.mirror.co.uk/news/technology-science/technology/iphone-5-release-date-launch-1332439,iOS,6,9.3,1300,2,1024,N,101.6,640 x 1136,8,Y,850 / 900 / 1800 / 1900,9/12,,http://www.gsmarena.com/apple_iphone_5-4910.php,Apple,iPhone 6,64,
Apple,iPhone 5C,IPHONE 5C 16G,16,"'iPhone 5c', 'iPhone5,3', 'iPhone5,4'",5.49,£343.78,£469.00,http://www.apple.com/uk/pr/library/2013/09/16iPhone-5s-iPhone-5c-Arrive-on-Friday-September-20.html,iOS,7,9.3,1300,2,1024,N,101.6,641 x 1136,8,Y,850 / 900 / 1800 / 1900,9/13,,http://www.gsmarena.com/apple_iphone_5c-5690.php,Apple,iPhone 5S,16,
Apple,iPhone 5C,IPHONE 5C 32G,32,"'iPhone 5c', 'iPhone5,3', 'iPhone5,4'",5.49,£438.17,£549.00,http://www.apple.com/uk/pr/library/2013/09/16iPhone-5s-iPhone-5c-Arrive-on-Friday-September-20.html,iOS,7,9.3,1300,2,1024,N,101.6,642 x 1136,8,Y,850 / 900 / 1800 / 1900,9/13,,http://www.gsmarena.com/apple_iphone_5c-5690.php,Apple,iPhone 5S,32,
Apple,iPhone 5C,IPHONE 5C 8G,8,"'iPhone 5c', 'iPhone5,3', 'iPhone5,4'",4.99,£241.38,£429.00,http://www.theverge.com/2014/3/18/5518296/iphone-5c-8gb-price-release-date,iOS,7,9.3,1300,2,1024,N,101.6,643 x 1136,8,Y,850 / 900 / 1800 / 1900,9/13,,http://www.gsmarena.com/apple_iphone_5c-5690.php,Apple,iPhone 5S,16,
Apple,iPhone 5S,IPHONE 5S 16G,16,"'iPhone 5s', 'iPhone6,1', 'iPhone6,2'",5.64,£335.25,£549.00,http://www.apple.com/uk/pr/library/2013/09/16iPhone-5s-iPhone-5c-Arrive-on-Friday-September-20.html,iOS,7,9.3,1300,2,1024,N,101.6,644 x 1136,8,Y,850 / 900 / 1800 / 1900,9/13,,http://www.gsmarena.com/apple_iphone_5s-5685.php,,,,
Apple,iPhone 5S,IPHONE 5S 32G,32,"'iPhone 5s', 'iPhone6,1', 'iPhone6,2'",5.64,£384.03,£629.00,http://www.apple.com/uk/pr/library/2013/09/16iPhone-5s-iPhone-5c-Arrive-on-Friday-September-20.html,iOS,7,9.3,1300,2,1024,N,101.6,645 x 1136,8,Y,850 / 900 / 1800 / 1900,9/13,,http://www.gsmarena.com/apple_iphone_5s-5685.php,,,,
Apple,iPhone 5S,IPHONE 5S 64G,64,"'iPhone 5s', 'iPhone6,1', 'iPhone6,2'",6.14,£500.24,£709.00,http://www.apple.com/uk/pr/library/2013/09/16iPhone-5s-iPhone-5c-Arrive-on-Friday-September-20.html,iOS,7,9.3,1300,2,1024,N,101.6,646 x 1136,8,Y,850 / 900 / 1800 / 1900,9/13,,http://www.gsmarena.com/apple_iphone_5s-5685.php,Apple,iPhone 6,64,
Apple,iPhone 6,IPHONE 6 128G,128,"'iPhone 6', 'iPhone7,2'",7.14,£405.76,£699.00,http://www.alphr.com/apple/apple-iphone-6/25140/apple-iphone-6-and-6-plus-release-date-price-in-uk-and-new-features,iOS,8,9.3,1400,2,1024,N,119.38,750 x 1334,8,Y,850 / 900 / 1800 / 1900 ,9/14,,http://www.gsmarena.com/apple_iphone_6-6378.php,,,,
Apple,iPhone 6,IPHONE 6 16G,16,"'iPhone 6', 'iPhone7,2'",7.14,£315.20,£539.00,http://www.alphr.com/apple/apple-iphone-6/25140/apple-iphone-6-and-6-plus-release-date-price-in-uk-and-new-features,iOS,8,9.3,1400,2,1024,N,119.38,750 x 1334,8,Y,850 / 900 / 1800 / 1900 ,9/14,,http://www.gsmarena.com/apple_iphone_6-6378.php,,,,
Apple,iPhone 6,IPHONE 6 64G,64,"'iPhone 6', 'iPhone7,2'",7.14,£370.06,£619.00,http://www.alphr.com/apple/apple-iphone-6/25140/apple-iphone-6-and-6-plus-release-date-price-in-uk-and-new-features,iOS,8,9.3,1400,2,1024,N,119.38,750 x 1334,8,Y,850 / 900 / 1800 / 1900 ,9/14,,http://www.gsmarena.com/apple_iphone_6-6378.php,,,,
Apple,iPhone 6 Plus,IPHONE 6+ 128G,128,"'iPhone 6 Plus', 'iPhone7,1'",7.14,£476.14,£789.00,http://www.alphr.com/apple/apple-iphone-6/25140/apple-iphone-6-and-6-plus-release-date-price-in-uk-and-new-features,iOS,8,9.3,1400,2,1024,N,139.7,1080 x 1920,8,Y,850 / 900 / 1800 / 1900 ,9/14,,http://www.gsmarena.com/apple_iphone_6_plus-6665.php,,,,
Apple,iPhone 6 Plus,IPHONE 6+ 16G,16,"'iPhone 6 Plus', 'iPhone7,1'",7.14,£377.89,£619.00,http://www.alphr.com/apple/apple-iphone-6/25140/apple-iphone-6-and-6-plus-release-date-price-in-uk-and-new-features,iOS,8,9.3,1400,2,1024,N,139.7,1080 x 1920,8,Y,850 / 900 / 1800 / 1900 ,9/14,,http://www.gsmarena.com/apple_iphone_6_plus-6665.php,,,,
Apple,iPhone 6 Plus,IPHONE 6+ 64G,64,"'iPhone 6 Plus', 'iPhone7,1'",7.14,£405.76,£699.00,http://www.alphr.com/apple/apple-iphone-6/25140/apple-iphone-6-and-6-plus-release-date-price-in-uk-and-new-features,iOS,8,9.3,1400,2,1024,N,139.7,1080 x 1920,8,Y,850 / 900 / 1800 / 1900 ,9/14,,http://www.gsmarena.com/apple_iphone_6_plus-6665.php,,,,
Apple,iPhone 6S,IPHONE 6S 128G,128,"'iPhone 6s', 'iPhone8,1'",7.14,£490.29,£699.00,http://www.telegraph.co.uk/technology/apple/iphone/11854936/iPhone-6s-and-iPhone-6s-Plus-UK-price-and-release-date.html,iOS,9,9.3,1840,2,2048,N,119.38,750 x 1334,12,Y,850 / 900 / 1800 / 1900 ,9/15,,http://www.gsmarena.com/apple_iphone_6s-7242.php,,,,
Apple,iPhone 6S,IPHONE 6S 16G,16,"'iPhone 6s', 'iPhone8,1'",7.14,£371.49,£539.00,http://www.telegraph.co.uk/technology/apple/iphone/11854936/iPhone-6s-and-iPhone-6s-Plus-UK-price-and-release-date.html,iOS,9,9.3,1840,2,2048,N,119.38,750 x 1334,12,Y,850 / 900 / 1800 / 1900 ,9/15,,http://www.gsmarena.com/apple_iphone_6s-7242.php,,,,
Apple,iPhone 6S,IPHONE 6S 64G,64,"'iPhone 6s', 'iPhone8,1'",7.14,,£619.00,http://www.telegraph.co.uk/technology/apple/iphone/11854936/iPhone-6s-and-iPhone-6s-Plus-UK-price-and-release-date.html,iOS,9,9.3,1840,2,2048,N,119.38,750 x 1334,12,Y,850 / 900 / 1800 / 1900 ,9/15,,http://www.gsmarena.com/apple_iphone_6s-7242.php,,,,
Apple,iPhone 6S Plus,IPHONE 6S+ 128G,128,"'iPhone 6s Plus', 'iPhone8,2'",7.14,£550.99,£789.00,http://www.telegraph.co.uk/technology/apple/iphone/11854936/iPhone-6s-and-iPhone-6s-Plus-UK-price-and-release-date.html,iOS,9,9.3,1840,2,2048,N,139.7,1080 x 1920,12,Y,850 / 900 / 1800 / 1900 ,9/15,,http://www.gsmarena.com/apple_iphone_6s_plus-7243.php,,,,
Apple,iPhone 6S Plus,IPHONE 6S+ 16G,16,"'iPhone 6s Plus', 'iPhone8,2'",7.14,£429.09,£619.00,http://www.telegraph.co.uk/technology/apple/iphone/11854936/iPhone-6s-and-iPhone-6s-Plus-UK-price-and-release-date.html,iOS,9,9.3,1840,2,2048,N,139.7,1080 x 1920,12,Y,850 / 900 / 1800 / 1900 ,9/15,,http://www.gsmarena.com/apple_iphone_6s_plus-7243.php,,,,
Apple,iPhone 6S Plus,IPHONE 6S+ 64G,64,"'iPhone 6s Plus', 'iPhone8,2'",7.14,£490.29,£699.00,http://www.telegraph.co.uk/technology/apple/iphone/11854936/iPhone-6s-and-iPhone-6s-Plus-UK-price-and-release-date.html,iOS,9,9.3,1840,2,2048,N,139.7,1080 x 1920,12,Y,850 / 900 / 1800 / 1900 ,9/15,,http://www.gsmarena.com/apple_iphone_6s_plus-7243.php,,,,
Apple,iPhone SE,IPHONE SE 16G,16,"'iPhone SE', 'iPhone8,4'",7.14,,£359.00,http://www.macworld.co.uk/news/iphone/iphone-se-release-date-price-specs-where-to-buy-uk-pre-order-apple-opening-times-teardown-3500611/,iOS,9.3,9.3,1840,2,2048,N,101.6,640 x 1136,12,Y,850 / 900 / 1800 / 1900,3/16,,http://www.gsmarena.com/apple_iphone_se-7969.php,,,,
Apple,iPhone SE,IPHONE SE 64G,64,"'iPhone SE', 'iPhone8,4'",7.14,,£439.00,http://www.macworld.co.uk/news/iphone/iphone-se-release-date-price-specs-where-to-buy-uk-pre-order-apple-opening-times-teardown-3500611/,iOS,9.3,9.3,1840,2,2048,N,101.6,640 x 1136,12,Y,850 / 900 / 1800 / 1900,3/16,,http://www.gsmarena.com/apple_iphone_se-7969.php,,,,
Asus,Fonepad,FONEPAD ME371,8,'ME371MG',4.99,£114.18,£179.99,http://www.trustedreviews.com/asus-fonepad-review,Android,4.1,,1200,1,1024,Y,177.8,800 x 1280,3,N,850 / 900 / 1800 / 1900 ,4/13,,http://www.gsmarena.com/asus_fonepad-5329.php,,,,
Asus,Fonepad,FONEPAD ME371,16,'ME371MG',4.99,,£229.99,,Android,4.1,,1200,1,1024,Y,177.8,800 x 1280,3,N,850 / 900 / 1800 / 1900 ,4/13,,http://www.gsmarena.com/asus_fonepad-5329.php,ASUS,Fonepad,8,
HTC,Desire 500,Desire 500,4,"'z4u', 'z4dug'",4.99,,£200.00,http://www.trustedreviews.com/htc-desire-500-review,Android,4.1.2,,1200,4,1024,Y,109.22,480 x 800,8,N,850 / 900 / 1800 / 1900,9/13,,http://www.gsmarena.com/htc_desire_500-5623.php,HTC,Desire 620,8,
HTC,Desire 510,DESIRE 510,8,"'htc_a11ul8x26', 'htc_a11chl', 'htc_a11ul'",4.99,£84.41,£149.00,http://www.techradar.com/reviews/phones/mobile-phones/htc-desire-510-1264324/review,Android,4.4.2,,1200,4,1024,Y,119.38,480 x 854,5,Y,850 / 900 / 1800 / 1900 ,9/14,,http://www.gsmarena.com/htc_desire_510-6608.php,,,,
HTC,Desire 516,DESIRE 516,4,"'htc_v2_dcg', 'htc_v2_dcg','htc_v2_dtg'",4.99,£110.74,£199.00,http://www.androidauthority.com/htc-desire-516-coming-to-europe-400300/,Android,4.2.2,,1200,4,1024,Y,127,540 x 960,5,N,850 / 900 / 1800 / 1900 ,6/14,,http://www.gsmarena.com/htc_desire_516_dual_sim-6463.php,,,,
HTC,Desire 601,DESIRE 601,8,"'zara', 'zaracl'",4.99,£127.58,£239.99,http://www.techradar.com/news/phone-and-communications/mobile-phones/htc-desire-601-touches-down-in-uk-with-4g-at-an-affordable-price-1213865,Android,4.2.2,4.4.2,1400,2,1024,Y,114.3,540x960,5,Y,850 / 900 / 1800 / 1900 ,10/13,,http://www.gsmarena.com/htc_desire_601-5667.php,,,,
HTC,Desire 610,Desire 610,8,"'htc_a3qhdul', 'htc_a3ul'",4.99,,£249.99,http://www.trustedreviews.com/htc-desire-610-review,Android,4.4.2,,1200,4,1024,Y,119.38,540x960,8,Y,850 / 900 / 1800 / 1900 ,5/14,,http://www.gsmarena.com/htc_desire_610-6160.php,HTC,Desire 620,8,
HTC,Desire 620,DESIRE 620,8,'htc_a31dtul',4.99,£124.14,£169.99,http://www.techradar.com/reviews/phones/mobile-phones/htc-desire-620-1285173/review,Android,4.4.4,,1200,4,1024,Y,127,720x1280,8,Y,900 / 1800 / 1900,12/14,,http://www.gsmarena.com/htc_desire_620-6830.php,,,,
HTC,Desire 626,DESIRE 626,16,"'htc_a32dcgl', 'htc_a32ul', 'htc_a32ul_emea', 'htc_a32ewl', 'htc_a32ewlpp'",4.99,£131.30,£250.00,http://www.expertreviews.co.uk/mobile-phones/1403946/htc-desire-626-review,Android,4.4.4,,1200,4,2048,Y,127,720x1280,13,Y,850 / 900 / 1800 / 1900,3/15,,http://www.gsmarena.com/htc_desire_626-6968.php,,,,
HTC,Desire 816,Desire 816,8,"'htc_a5chl', 'htc_a5ul', 'htc_a5dug'",5.49,,£289.00,http://www.pcadvisor.co.uk/review/android-smartphones/htc-desire-816-review-3539862/,Android,4.4.2,,1600,4,1536,Y,139.7,720x1280,13,Y,850 / 900 / 1800 / 1900,4/14,,http://www.gsmarena.com/htc_desire_816-6073.php,HTC,Desire 626 ,16,
HTC,Desire 820,Desire 820,16,"'htc_a51ul', 'htc_a51dtul'",5.49,,£280.00,http://www.wired.co.uk/reviews/mobile-phones/2015-03/htc-desire-820,Android,4.4.2,,1500,4,2048,Y,139.7,720 x 1280,13,Y,850 / 900 / 1800 / 1900,11/14,,http://www.gsmarena.com/htc_desire_820-6636.php,HTC,Desire 626 ,16,
HTC,Desire C,DESIRE C,4,'golfc',3.99,£78.00,£150.00,http://www.expertreviews.co.uk/mobile-phones/53345/htc-desire-c-review,Android,4.0,4.1,600,1,512,Y,88.9,320x480,5,N,850 / 900 / 1800 / 1900,6/12,,http://www.gsmarena.com/htc_desire_c-4759.php,,,,
HTC,Desire Eye,Desire Eye,16,"'htc_eyetuhl','htc_eyeul','htc_eyeul_att'",5.49,,£399.00,http://www.pcadvisor.co.uk/new-product/mobile-phone/htc-desire-eye-release-date-price-specs-uk-350-3575569/,Android,4.4.4,6.0.1,2300,4,2048,Y,132.08,1080 x 1920,13,Y,850 / 900 / 1800 / 1900,10/14,,http://www.gsmarena.com/htc_desire_eye-6715.php,HTC,One M8s,16,
HTC,Desire HD,DESIRE HD,1.5,'ace',5.99,£257.55,£465.00,http://www.cnet.com/uk/products/htc-desire-hd/,Android,2.2,2.3,1000,1,768,Y,109.22,480x800,8,N,850 / 900 / 1800 / 1900,10/10,,http://www.gsmarena.com/htc_desire_hd-3468.php,,,,
HTC,Desire S,DESIRE S,1.1,'saga',5.99,£163.00,£405.00,http://www.techradar.com/reviews/phones/mobile-phones/htc-desire-s-930920/review,Android,2.3,4.0,1000,1,768,Y,93.98,480 x 800,5,N,850 / 900 / 1800 / 1900,3/11,,http://www.gsmarena.com/htc_desire_s-3776.php,,,,
HTC,Desire X,DESIRE X,4,'protou',4.99,£128.00,£228.00,http://www.androidcentral.com/htc-desire-x-gets-sim-free-pricing-uk,Android,4.0,4.1.1,1000,2,768,Y,101.6,480x800,5,N,850 / 900 / 1800 / 1900,10/12,,http://www.gsmarena.com/htc_desire_x-4951.php,,,,
HTC,HD7,HD7,8,'htchd7',5.49,,£379.00,http://www.cnet.com/uk/products/htc-hd7/,Windows,7,,1000,1,576,N,109.22,480x800,5,N,850 / 900 / 1800 / 1900,10 / 10,,http://www.gsmarena.com/htc_hd7-3338.php,,,,
HTC,HD7,HD7,16,'htchd7',5.99,,£429.00,,Windows,7,,1000,1,576,N,109.22,480x800,5,N,850 / 900 / 1800 / 1900,10 / 10,,http://www.gsmarena.com/htc_hd7-3338.php,,,,
HTC,Mozart,MOZART,8,'htcmozart',5.99,,£470.00,http://www.cnet.com/uk/products/htc-7-mozart/,Windows,7,,1000,1,576,N,93.98,480x800,8,N,850 / 900 / 1800 / 1900,10/10,,http://www.gsmarena.com/htc_7_mozart-3530.php,,,,
HTC,One,ONE M7,32,"'m7', 'm7cdtu', 'm7wls', 'm7wlv'",5.99,£257.01,£504.00,http://www.expertreviews.co.uk/mobile-phones/53530/htc-one-m7-2013-review,Android,4.1.2,5.0,1700,4,2048,N,119.38,1080x1920,4,Y,850 / 900 / 1800 / 1900,3/13,,http://www.gsmarena.com/htc_one-5313.php,,,,
HTC,One,ONE M7,64,"'m7', 'm7cdtu', 'm7wls', 'm7wlv'",5.99,,£554.00,,Android,4.1.2,5.0,1700,4,2048,N,119.38,1080x1920,4,Y,850 / 900 / 1800 / 1900,3/13,,http://www.gsmarena.com/htc_one-5313.php,HTC,One,32,
HTC,One A9,ONE A9,16,"'htc_hiaetuhl', 'htc_hiaeuhl', 'htc_hiaeul', 'htc_hiaewhl'",5.99,£332.29,£470.00,http://www.androidcentral.com/please-dont-pay-470-htc-one-a9,Android,6.0,6.0.1,1500,4,3072,Y,127,1080x1920,13,Y,850 / 900 / 1800 / 1900,11/15,,http://www.gsmarena.com/htc_one_a9-7576.php,,,,
HTC,One M8,ONE M8,16,"'htc_m8', 'htc_m8dwg', 'htc_m8whl', 'htc_m8wl'",6.99,£260.83,£549.99,http://www.techradar.com/news/phone-and-communications/mobile-phones/htc-one-m8s-brings-a-lower-price-to-last-year-s-best-phone-1290059,Android,4.4.2,6.0,2300,4,2048,Y,127,1080x1920,4,Y,850 / 900 / 1800 / 1900,3/14,,http://www.gsmarena.com/htc_one_(m8)-6074.php,,,,
HTC,One M8,ONE M8,32,"'htc_m8', 'htc_m8dwg', 'htc_m8whl', 'htc_m8wl'",6.99,,£599.99,,Android,4.4.2,6.0,2300,4,2048,Y,127,1080x1920,4,Y,850 / 900 / 1800 / 1900,3/14,,http://www.gsmarena.com/htc_one_(m8)-6074.php,HTC,One M9,32,
HTC,One M8s,ONE M8S,16,'htc_m8qlul',5.49,£229.08,£379.99,http://www.techradar.com/news/phone-and-communications/mobile-phones/htc-one-m8s-brings-a-lower-price-to-last-year-s-best-phone-1290059,Android,5.0,,1700,4,2048,Y,127,1080x1920,13,Y,850 / 900 / 1800 / 1900,5/15,,http://www.gsmarena.com/htc_one_m8s-7165.php,,,,
HTC,One M8s,ONE M8S,32,'htc_m8qlul',5.99,,£429.99,,Android,5.0,,1700,4,2048,Y,127,1080x1920,13,Y,850 / 900 / 1800 / 1900,5/15,,http://www.gsmarena.com/htc_one_m8s-7165.php,LG,G4,32,
HTC,One M9,ONE M9,32,"'htc_himauhl', 'htc_himaul', 'htc_himaulatt', 'htc_himawhl', 'htc_himawl'",5.99,£364.93,£590.00,http://www.techradar.com/reviews/phones/mobile-phones/htc-one-m9-1285623/review,Android,5.0,6.0,1500,4,3072,Y,127,1080x1920,20,Y,850 / 900 / 1800 / 1900,3/15,,http://www.gsmarena.com/htc_one_m9-6891.php,HTC,One M9,32,
HTC,One Max,One Max,16,"'t6ul','t6whl'",6.99,,£564.00,http://www.expertreviews.co.uk/mobile-phones/53461/htc-one-max-review,Android,4.3,5.0,1700,4,2048,Y,149.86,1080 x 1920,4,Y,850 / 900 / 1800 / 1900,3/13,,http://www.gsmarena.com/htc_one_max-5704.php,Samsung,Galaxy Note II,16,
HTC,One Max,One Max,32,"'t6ul','t6whl'",6.99,,£600.00,"http://www.tomshardware.com/news/htc-one-max-off-contract-uk-release-date,24688.html",Android,4.3,5.0,1700,4,2048,Y,149.86,1080 x 1920,4,Y,850 / 900 / 1800 / 1900,3/13,,http://www.gsmarena.com/htc_one_max-5704.php,Samsung,Galaxy Note 4,32,
HTC,One mini,ONE MINI,16,"'htc_m4', 'm4'",5.49,£201.53,£380.00,http://www.expertreviews.co.uk/mobile-phones/53527/htc-one-mini-review,Android,4.2.2,4.4.2,1400,2,1024,N,109.22,720x1280,4,Y,850 / 900 / 1800 / 1900,8/13,,http://www.gsmarena.com/htc_one_mini-5505.php,,,,
HTC,One mini 2,ONE MINI 2,16,'htc_memul',5.49,£160.18,£359.00,http://www.pcadvisor.co.uk/news/mobile-phone/htc-one-mini-2-release-date-price-specs-uk-3516782/,Android,4.4.2,,1200,4,1024,Y,114.3,720x1280,13,Y,850 / 900 / 1800 / 1900,5/14,,http://www.gsmarena.com/htc_one_mini_2-6345.php,,,,
HTC,One S,ONE S,16,"'ville', 'villec2'",5.49,£254.42,£314.99,http://www.androidcentral.com/uk-retailer-slashes-htc-one-s-price-now-31499-sim-free,Android,4.0,4.1.1,1500,2,1024,N,109.22,540x960,8,N,850 / 900 / 1800 / 1900,4/12,,http://www.gsmarena.com/htc_one_s-4574.php,,,,
HTC,One V,ONE V,4,"'primoc', 'primou'",4.99,£145.00,£230.00,http://www.techradar.com/reviews/phones/mobile-phones/htc-one-v-1076324/review,Android,4.0.3,,1000,1,512,Y,93.98,480x800,5,N,850 / 900 / 1800 / 1900,4/12,,http://www.gsmarena.com/htc_one_v-4575.php,,,,
HTC,One X,ONE X,16,"'endeavoru', 'evita'",5.99,£192.40,£485.00,http://www.expertreviews.co.uk/mobile-phones/51705/htc-one-x-review,Android,4.0,4.1.1,1500,4,1024,N,119.38,720x1280,8,N,850 / 900 / 1800 / 1900,5/12,,http://www.gsmarena.com/htc_one_x-4320.php,,,,
HTC,One X,ONE X,32,"'endeavoru', 'evita'",6.99,,£535.00,,Android,4.0,4.1.1,1500,4,1024,N,119.38,720x1280,8,N,850 / 900 / 1800 / 1900,5/12,,http://www.gsmarena.com/htc_one_x-4320.php,HTC,One X+,32,
HTC,One X+,ONE X+,32,"'enrc2b', 'evitareul'",5.99,£271.00,£450.00,http://www.wired.co.uk/reviews/mobile-phones/2013-01/htc-one-x-plus,Android,4.1.1,,1700,4,1024,N,119.38,720x1280,8,Y,850 / 900 / 1800 / 1900,11 / 12,,http://www.gsmarena.com/htc_one_x+-4976.php,,,,
HTC,One X+,ONE X+,64,"'enrc2b', 'evitareul'",5.99,,£500.00,,Android,4.1.1,,1700,4,1024,N,119.38,720x1280,8,Y,850 / 900 / 1800 / 1900,11 / 12,,http://www.gsmarena.com/htc_one_x+-4976.php,HTC,One X+,32,
HTC,Sensation,SENSATION,1,'pyramid',5.99,£240.10,£479.99,http://www.trustedreviews.com/htc-sensation-review,Android,2.3.4,4.0,1200,2,768,Y,109.22,540x960,8,N,850 / 900 / 1800 / 1900,5/11,,http://www.gsmarena.com/htc_sensation-3875.php,,,,
HTC,Sensation XE,SENSATION XE,4,'pyramid',5.99,,£450.00,http://www.cnet.com/uk/products/htc-sensation-xe-with-beats-audio/,Android,2.3.4,4.0,1500,2,768,Y,109.22,540x960,8,N,850 / 900 / 1800 / 1900,10/11,,http://www.gsmarena.com/htc_sensation_xe-4164.php,Huawei,Ascend G6 4G ,8,
HTC,Sensation XL,SENSATION XL,16,'runnymede',5.99,£241.20,£405.00,http://www.fonearena.com/blog/42747/htc-sensation-xl-price-revealed-for-uk-coming-on-october-24.html,Android,2.3,4.0,1500,1,768,N,119.38,480x800,8,N,850 / 900 / 1800 / 1900,11/11,,http://www.gsmarena.com/htc_sensation_xl-4161.php,,,,
HTC,Wildfire S,WILDFIRE S,0.5,"'marvel', 'marvelc'",4.99,,£220.00,http://www.techradar.com/reviews/phones/mobile-phones/htc-wildfire-s-930921/review,Android,2.3,2.3.5,600,1,512,Y,81.28,320x480,5,N,850 / 900 / 1800 / 1900,5/11,,http://www.gsmarena.com/htc_wildfire_s-3777.php,HTC,Desire C,4,
HTC,Windows Phone 8S,WINDOWS PHONE 8S,4,'htcwindows8s',4.99,£99.00,£220.00,http://www.trustedreviews.com/htc-8s-review,Windows,8,,1000,2,512,Y,101.6,480x800,5,N,850 / 900 / 1800 / 1900,11 / 12,,http://www.gsmarena.com/htc_windows_phone_8s-5000.php,,,,
HTC,Windows Phone 8X,WINDOWS PHONE 8X,16,'htcwindow8x',5.49,£154.00,£399.00,http://www.gsmarena.com/htc_windows_phone_8x_three_uk_pricing_unveiled_costs__pound350-news-4897.php,Windows,8,8.1.1,1500,2,1024,N,109.22,720x1280,8,Y,850 / 900 / 1800 / 1900,11/12,,http://www.gsmarena.com/htc_windows_phone_8x-4975.php,,,,
Huawei,Ascend G6 4G,ASCEND G6 4G,8,"'hwG6-T00', 'hwG6-C00', 'hwG6-L11', 'hwG6-L22', 'hwG6-L33', 'hwG6-U00', 'hwG6-U10', 'hwG6-U251', 'hwG6-U34'",4.99,£143.46,£199.00,http://www.trustedreviews.com/huawei-ascend-g6-review,Android,4.3,,1200,4,1024,Y,114.3,540x960,8,Y,850 / 900 / 1800 / 1900,5/14,,http://www.gsmarena.com/huawei_ascend_g6_4g-6168.php,,,,
Huawei,Ascend P6,ASCEND P6,8,"'hwp6-u06', 'hwp6-c00', 'hwp6-t00'",5.49,£177.13,£349.00,http://www.trustedreviews.com/huawei-ascend-p6-review,Android,4.2.2,4.4.2,1500,4,2048,Y,119.38,720x1280,8,N,850 / 900 / 1800 / 1900,6/13,,http://www.gsmarena.com/huawei_ascend_p6-5467.php,,,,
Huawei,Ascend P6,ASCEND P6,16,"'hwp6-u06', 'hwp6-c00', 'hwp6-t00'",5.49,,£399.00,,Android,4.2.2,4.4.2,1500,4,2048,Y,119.38,720x1280,8,N,850 / 900 / 1800 / 1900,6/13,,http://www.gsmarena.com/huawei_ascend_p6-5467.php,HTC,Desire 626,16,
Huawei,Nexus 6P,NEXUS 6P H1512,32,'angler',5.99,£354.77,£449.00,http://www.trustedreviews.com/nexus-6p-review-battery-usb-c-verdict-page-4,Android,6.0,,1550,4,3072,N,144.78,1440x2560,12,Y,850 / 900 / 1800 / 1900,9/15,,http://www.gsmarena.com/huawei_nexus_6p-7588.php,,,,
Huawei,Nexus 6P,NEXUS 6P H1512,64,'angler',5.99,,£499.00,http://www.trustedreviews.com/nexus-6p-review-battery-usb-c-verdict-page-4,Android,6.0,,1550,4,3072,N,144.78,1440x2560,12,Y,850 / 900 / 1800 / 1900,9/15,,http://www.gsmarena.com/huawei_nexus_6p-7588.php,,,,
Huawei,Nexus 6P,NEXUS 6P H1512,128,'angler',6.99,,£579.00,http://www.trustedreviews.com/nexus-6p-review-battery-usb-c-verdict-page-4,Android,6.0,,1550,4,3072,N,144.78,1440x2560,12,Y,850 / 900 / 1800 / 1900,9/15,,http://www.gsmarena.com/huawei_nexus_6p-7588.php,,,,
LG,G2,G2 D802,16,'g2',5.64,£239.47,£462.00,http://www.expertreviews.co.uk/mobile-phones/53458/lg-g2-review,Android,4.2.2,5.0.2,2260,4,2048,N,132.08,1080x1920,13,Y,850 / 900 / 1800 / 1900,9/13,,http://www.gsmarena.com/lg_g2-5543.php,,,,
LG,G2,G2 D802,32,'g2',6.99,,£512.00,,Android,4.2.2,5.0.2,2260,4,2048,N,132.08,1080x1920,13,Y,850 / 900 / 1800 / 1900,9/13,,http://www.gsmarena.com/lg_g2-5543.php,LG,G4,32,
LG,G2 mini,G2 mini,8,"'g2m', 'g2mds', 'g2mss', 'g2mv'",4.99,,£249.99,http://www.trustedreviews.com/news/lg-g2-mini-uk-price-set-at-250-by-retailer,Android,4.4.2,,1200,4,1024,Y,119.38,540 x 960,8,N,850 / 900 / 1800 / 1900,4 / 14,,http://www.gsmarena.com/lg_g2_mini-6077.php,HTC,Desire 620,8,
LG,G3,G3 D855,16,'g3',5.64,£259.13,£410.00,http://www.cnet.com/uk/products/lg-g3/,Android,4.4.2,6.0,2500,4,3072,Y,139.7,1440x2560,13,Y,850 / 900 / 1800 / 1900,6/14,,http://www.gsmarena.com/lg_g3-6294.php,,,,
LG,G3 S,G3S D722,8,"'jag3gds', 'jagnm'",4.99,,£240.00,http://www.trustedreviews.com/lg-g3-s-review,Android,4.4.2,5.0.2,1200,4,1024,Y,127,720x1280,8,Y,850 / 900 / 1800 / 1900,8 / 14,,http://www.gsmarena.com/lg_g3_s-6475.php,HTC,Desire 620,8,
LG,G4,G4 H815,32,'p1',5.99,£303.60,£450.00,http://www.trustedreviews.com/lg-g4-review,Android,5.1.1,6.0,1440,4,3072,Y,139.7,1440x2560,16,Y,850 / 900 / 1800 / 1900,4 / 15,,http://www.gsmarena.com/lg_g4-6901.php,,,,
LG,G Flex,GFLEX D955,32,'zee',6.99,£302.43,£630.00,http://www.techradar.com/reviews/phones/mobile-phones/lg-g-flex-1205508/review,Android,4.2.2,,2260,4,2048,N,152.4,720 x 1280,13,Y,850 / 900 / 1800 / 1900,11/13,,http://www.gsmarena.com/lg_g_flex-5806.php,,,,
LG,G Flex2,GFlex2 H955,16,'z2',5.49,,£234.00,http://www.pcadvisor.co.uk/review/android-smartphones/lg-g-flex-2-review-uk-phone-3592907/,Android,5.0.1,5.1.1,1500,4,3072,Y,139.7,1080 x 1920,13,Y,850 / 900 / 1800 / 1900,2/15,,http://www.gsmarena.com/lg_g_flex2-6916.php,,,,
LG,Nexus 4,Nexus 4,8,'mako',4.99,,£239.00,http://www.trustedreviews.com/google-nexus-4-review,Android,4.2,5.1,1500,4,2048,N,119.38,768x1280,8,N,850 / 900 / 1800 / 1900,11/12,,http://www.gsmarena.com/lg_nexus_4_e960-5048.php,HTC,Desire 626 ,16,
LG,Nexus 4,Nexus 4,16,'mako',5.49,,£280.00,http://www.cnet.com/uk/news/google-nexus-4-on-sale-for-only-160-in-the-uk/,Android,4.2,5.1,1500,4,2048,N,119.38,768x1280,8,N,850 / 900 / 1800 / 1900,11/12,,http://www.gsmarena.com/lg_nexus_4_e960-5048.php,HTC,Desire 626,16,
LG,Nexus 5,NEXUS 5 D821 16G,16,'hammerhead',5.49,,£299.99,http://www.trustedreviews.com/google-nexus-5-review,Android,5.0,6.0,2300,4,2048,N,125.73,1080 x 1920,8,Y,850 / 900 / 1800 / 1900,11/13,,http://www.gsmarena.com/lg_nexus_5-5705.php,LG,Nexus 5,32,
LG,Nexus 5,NEXUS 5 D821 32G,32,'hammerhead',5.49,£250.00,£339.00,http://www.theinquirer.net/inquirer/news/2300939/google-nexus-5-release-date-specs-price-and-rumours,Android,5.0,6.0,2300,4,2048,N,125.73,1080 x 1920,8,Y,850 / 900 / 1800 / 1900,11/13,,http://www.gsmarena.com/lg_nexus_5-5705.php,,,,
LG,Nexus 5X,NEXUS 5X H791 16G,16,'bullhead',5.49,,£339.00,http://www.expertreviews.co.uk/mobile-phones/1404072/google-nexus-5x-review-now-with-free-chromecast,Android,6.0,,1440,4,2048,N,132.08,1080 x 1920,12,Y,850 / 900 / 1800 / 1900,10 / 15,,http://www.gsmarena.com/lg_nexus_5x-7556.php,LG,Nexus 5X,32,
LG,Nexus 5X,NEXUS 5X H791 32G,32,'bullhead',5.49,£287.85,£379.00,http://www.pcadvisor.co.uk/new-product/mobile-phone/new-nexus-5-2015-uk-release-date-price-specification-confirmed-photography-pre-order-22-buy-3624628/,Android,6.0,,1440,4,2048,N,132.08,1080 x 1920,12,Y,850 / 900 / 1800 / 1900,10 / 15,,http://www.gsmarena.com/lg_nexus_5x-7556.php,,,,
LG,Spirit,SPIRIT H440N,8,"'my70', 'c70n', 'c70', 'l1m'",3.99,,£129.00,http://www.trustedreviews.com/lg-spirit-review,Android,5.0.1,,1200,4,1024,Y,119.38,720 x 1280,8,Y,850 / 900 / 1800 / 1900,3 / 15,,http://www.gsmarena.com/lg_spirit-7052.php,Motorola,Moto G (3rd gen),8,
Microsoft,Lumia 535,LUMIA 535,8,'mslumia535',3.99,£57.70,£100.00,http://www.wired.co.uk/reviews/mobile-phones/2015-02/microsoft-lumia-535,Windows,8.1,,1200,4,1024,Y,127,540x960,5,N,850 / 900 / 1800 / 1900,12/14,,http://www.gsmarena.com/microsoft_lumia_535-6791.php,,,,
Microsoft,Lumia 640,LUMIA 640,8,'mslumia640',3.99,£83.53,£130.00,http://www.techradar.com/reviews/phones/mobile-phones/microsoft-lumia-640-lte-1286616/review#best-price-article-top,Windows,8.1,,1200,4,1024,Y,127,720x1280,8,Y,850 / 900 / 1800 / 1900,4/15,,http://www.gsmarena.com/microsoft_lumia_640_lte-7055.php,,,,
Microsoft,Lumia 950,LUMIA 950,32,'mslumia950',5.99,£324.66,£420.00,http://www.alphr.com/microsoft/1002107/microsoft-lumia-950-review-how-good-is-microsofts-first-windows-10-phone,Windows,10,,1820,2,3072,Y,132.08,1440x2560,20,Y,850 / 900 / 1800 / 1900,11/15,,http://www.gsmarena.com/microsoft_lumia_950-7262.php,,,,
Motorola,Moto G (3rd gen),MOTO G (3RD GEN),8,"'osprey_u2', 'osprey_ud2', 'osprey_uds', 'osprey_udstv', 'osprey_umts'",3.99,£123.25,£159.00,http://www.expertreviews.co.uk/mobile-phones/1403668/moto-g-3rd-gen-review-2015-the-new-best-budget-smartphone-now-with-android-60,Android,5.1.1,6.0,1400,4,2048,Y,127,720x1280,13,Y,850 / 900 / 1800 / 1900,7 /15,,http://www.gsmarena.com/motorola_moto_g_(3rd_gen)-7247.php,,,,
Motorola,Moto G 4G,MOTOG 4G 8G,8,"'peregrine', 'thea', 'thea_ds', 'thea_umtsds'",3.99,£117.04,£135.00,http://www.trustedreviews.com/motorola-moto-g-review,Android,4.4.2,5.1.1,1200,4,1024,Y,114.3,720x1280,5,Y,850 / 900 / 1800 / 1900,6/14,,http://www.gsmarena.com/motorola_moto_g_4g-6355.php,,,,
Motorola,Moto G (2nd gen),MOTOG 5IN,8,"'titan_udstv', 'titan_udstv', 'titan_umts', 'titan_umtsds'",3.99,£118.15,£140.00,http://www.techradar.com/reviews/phones/mobile-phones/moto-g-2014-1263344/review,Android,4.4.4,5.0,1200,4,1024,Y,127,720x1280,8,N,850 / 900 / 1800 / 1900,9/14,,http://www.gsmarena.com/motorola_moto_g_(2nd_gen)-6647.php,,,,
Motorola,Moto G,MOTOG 8G,8,"'falcon_cdma', 'falcon_umts', 'falcon_umtsds'",4.99,£104.00,£179.00,http://www.techradar.com/reviews/phones/mobile-phones/moto-g-1300373/review,Android,4.3,5.1.1,1200,4,1024,N,114.3,720x1280,5,N,850 / 900 / 1800 / 1900,11/13,,http://www.gsmarena.com/motorola_moto_g-5831.php,,,,
Motorola,Moto G,,16,"'falcon_cdma', 'falcon_umts', 'falcon_umtsds'",4.99,,£209.00,http://www.techradar.com/reviews/phones/mobile-phones/moto-g-1300373/review,Android,4.3,5.1.1,1200,4,1024,N,114.3,720x1280,5,N,850 / 900 / 1800 / 1900,11/13,,http://www.gsmarena.com/motorola_moto_g-5831.php,Samsung,Galaxy A3,16,
Motorola,Moto E,Moto E,4,"'condor_cdma', 'condor_udstv', 'condor_umts', 'condor_umtsds', 'otus', 'otus_ds'",3.99,,£79.99,http://www.trustedreviews.com/motorola-moto-e-review,Android,4.4.2,4.4.4,1200,2,1024,Y,109.22,540 x 960,5,N,850 / 900 / 1800 / 1900,5/14,,http://www.gsmarena.com/motorola_moto_e-6376.php,Motorola,Moto G 4G,8,
Motorola,Moto X,MOTOX,32,"'ghost', 'victara'",5.49,£283.21,£360.00,http://www.techradar.com/reviews/phones/mobile-phones/moto-x-style-1300371/review,Android,4.4.2,5.1,1700,2,2048,N,119.38,720x1280,10,Y,850 / 900 / 1800 / 1900,8/13,,http://www.gsmarena.com/motorola_moto_x-5601.php,,,,
Motorola,Moto X,MOTOX,64,"'ghost', 'victara'",5.99,,£434.00,http://www.techradar.com/reviews/phones/mobile-phones/moto-x-style-1300371/review,Android,4.4.2,5.1,1700,2,2048,N,119.38,720x1280,10,Y,850 / 900 / 1800 / 1900,8/13,,http://www.gsmarena.com/motorola_moto_x-5601.php,Motorola,Moto X,32,
Motorola,Nexus 6,NEXUS 6 32G,32,'shamu',5.99,£301.81,£499.00,http://www.techradar.com/reviews/phones/google-nexus-6-1271190/review,Android,5.0,6.0,2700,4,3072,N,151.384,1440x2560,13,Y,850 / 900 / 1800 / 1900,11/14,,http://www.gsmarena.com/motorola_nexus_6-6604.php,,,,
Motorola,Nexus 6,NEXUS 6 64G,64,'shamu',6.99,£331.74,£549.00,http://www.techradar.com/reviews/phones/google-nexus-6-1271190/review,Android,5.0,6.0,2700,4,3072,N,151.384,1440x2560,13,Y,850 / 900 / 1800 / 1900,11/14,,http://www.gsmarena.com/motorola_nexus_6-6604.php,,,,
Nokia,Lumia 1020,LUMIA 1020,32,'nokialumia1020',6.99,£285.17,£600.00,http://www.expertreviews.co.uk/mobile-phones/53171/nokia-lumia-1020-review-the-ultimate-cameraphone,Windows,8.0,8.1,1500,2,2048,N,114.3,768x1280,41,Y,850 / 900 / 1800 / 1900,7/13,,http://www.gsmarena.com/nokia_lumia_1020-5506.php,,,,
Nokia,Lumia 1520,LUMIA 1520,16,'nokialumia1520',6.99,£302.39,£600.00,http://www.expertreviews.co.uk/mobile-phones/53172/nokia-lumia-1520-review,Windows,8.0,8.1,2200,4,2048,Y,152.4,1080x1920,20,Y,850 / 900 / 1800 / 1900,11/13,,http://www.gsmarena.com/nokia_lumia_1520-5760.php,,,,
Nokia,Lumia 1520,LUMIA 1520,32,'nokialumia1520',7.99,,£650.00,,Windows,8.0,8.1,2200,4,2048,Y,152.4,1080x1920,20,Y,850 / 900 / 1800 / 1900,11/13,,http://www.gsmarena.com/nokia_lumia_1520-5760.php,,,,
Nokia,Lumia 520,LUMIA 520,8,'nokialumia520',3.99,£72.21,£115.00,http://www.trustedreviews.com/nokia-lumia-520-review,Windows,8.0,8.1,1000,2,512,Y,101.6,480x800,5,N,850 / 900 / 1800 / 1900,4/13,,http://www.gsmarena.com/nokia_lumia_520-5322.php,,,,
Nokia,Lumia 530,LUMIA 530,4,'nokialumia530',3.99,£49.42,£90.00,http://www.techradar.com/reviews/phones/mobile-phones/nokia-lumia-530-1263121/review,Windows,8.1,,1200,4,512,Y,101.6,480x854,5,N,850 / 900 / 1800 / 1900,8/14,,http://www.gsmarena.com/nokia_lumia_530-6523.php,,,,
Nokia,Lumia 620,LUMIA 620,8,'nokialumia620',3.99,£130.10,£150.00,http://www.trustedreviews.com/nokia-lumia-620-review,Windows,8.0,8.1,1000,2,512,Y,96.52,480x800,5,N,850 / 900 / 1800 / 1900,1/13,,http://www.gsmarena.com/nokia_lumia_620-5147.php,,,,
Nokia,Lumia 625,LUMIA 625,8,'nokialumia625',4.99,£96.74,£179.99,http://www.trustedreviews.com/nokia-lumia-625-review,Windows,8.0,8.1,1200,2,512,Y,119.38,480x800,5,Y,850 / 900 / 1800 / 1900,8/13,,http://www.gsmarena.com/nokia_lumia_625-5438.php,,,,
Nokia,Lumia 630,LUMIA 630,8,'nokialumia630',3.99,£70.45,£99.99,http://www.trustedreviews.com/nokia-lumia-630-review,Windows,8.1,,1200,4,512,Y,114.3,480x854,5,N,850 / 900 / 1800 / 1900,5/14,,http://www.gsmarena.com/nokia_lumia_630-6232.php,,,,
Nokia,Lumia 635,LUMIA 635,8,'nokialumia635',3.99,£63.97,£130.00,http://www.trustedreviews.com/nokia-lumia-635-review,Windows,8.1,,1200,4,1024,Y,114.3,480x854,5,Y,850 / 900 / 1800 / 1900,6/14,,http://www.gsmarena.com/nokia_lumia_635-6254.php,,,,
Nokia,Lumia 720,LUMIA 720,8,'nokialumia720',5.49,£157.00,£299.99,http://www.trustedreviews.com/news/nokia-lumia-720-now-available-in-the-uk,Windows,8.0,8.1,1000,2,512,Y,109.22,480x800,6.7,N,850 / 900 / 1800 / 1900,4/13,,http://www.gsmarena.com/nokia_lumia_720-5321.php,,,,
Nokia,Lumia 735,LUMIA 735,8,'nokialumia735',4.99,£105.11,£190.00,http://www.trustedreviews.com/nokia-lumia-735-review,Windows,8.1,10,1200,4,1024,Y,119.38,720x1280,6.7,Y,850 / 900 / 1800 / 1900,9/14,,http://www.gsmarena.com/nokia_lumia_735-6639.php,,,,
Nokia,Lumia 800,LUMIA 800,16,'nokialumia800',5.49,£179.00,£341.00,http://www.techradar.com/reviews/phones/mobile-phones/nokia-lumia-800-1039101/review,Windows,7.5,7.8,1400,1,512,N,93.98,480x800,8,N,850 / 900 / 1800 / 1900,11/11,,http://www.gsmarena.com/nokia_lumia_800-4240.php,,,,
Nokia,Lumia 820,LUMIA 820,8,'nokialumia820',4.99,£184.84,£225.37,http://www.techradar.com/reviews/phones/mobile-phones/nokia-lumia-820-1094951/review,Windows,8.0,8.1,1500,2,1024,Y,109.22,480x800,8,Y,850 / 900 / 1800 / 1900,11/12,,http://www.gsmarena.com/nokia_lumia_820-4968.php,,,,
Nokia,Lumia 920,LUMIA 920,32,'nokialumia920',5.99,£217.50,£450.00,http://www.trustedreviews.com/nokia-lumia-920-pureview-review,Windows,8.0,8.1,1500,2,1024,N,114.3,768x1280,8,Y,850 / 900 / 1800 / 1900,11/12,,http://www.gsmarena.com/nokia_lumia_920-4967.php,,,,
Nokia,Lumia 925,LUMIA 925,16,'nokialumia925',3.99,£191.52,£129.00,http://www.techradar.com/reviews/phones/mobile-phones/nokia-lumia-925-1151006/review,Windows,8.0,8.1,1500,2,1024,N,114.3,768x1280,8,Y,850 / 900 / 1800 / 1900,6/13,,http://www.gsmarena.com/nokia_lumia_925-5451.php,,,,
Nokia,Lumia 925,LUMIA 925,32,'nokialumia925',4.99,,£179.00,,Windows,8.0,8.1,1500,2,1024,N,114.3,768x1280,8,Y,850 / 900 / 1800 / 1900,6/13,,http://www.gsmarena.com/nokia_lumia_925-5451.php,,,,
Nokia,Lumia 930,LUMIA 930,32,'nokialumia930',5.99,£239.78,£449.00,http://www.trustedreviews.com/nokia-lumia-930-review,Windows,8.1,,2200,4,2048,N,127,1080x1920,20,Y,850 / 900 / 1800 / 1900,7/14,,http://www.gsmarena.com/nokia_lumia_930-6227.php,,,,
OnePlus,One,One,16,'A0001',4.99,,£229.00,http://www.trustedreviews.com/oneplus-one-review,Android,4.4.2,6.0.1,2500,4,3072,N,139.7,1080x1920,13,Y,850 / 900 / 1800 / 1900,6/14,,http://www.gsmarena.com/oneplus_one-6327.php,HTC,Desire 626,16,
OnePlus,One,One,64,'A0001',5.49,,£279.00,,Android,4.4.2,6.0.1,2500,4,3072,N,139.7,1080x1920,13,Y,850 / 900 / 1800 / 1900,6/14,,http://www.gsmarena.com/oneplus_one-6327.php,,,,
Samsung,Ativ S,ATIV S I8750,16,'samsungfativs',5.49,£277.40,£273.00,http://www.techradar.com/reviews/phones/mobile-phones/samsung-ativ-s-1094050/review,Windows,8.0,8.1.1,1500,2,1024,Y,124.46,720x1280,8,N,850 / 900 / 1800 / 1900,12/12,,http://www.gsmarena.com/samsung_ativ_s_i8750-4960.php,,,,
Samsung,Ativ S,ATIV S I8750,32,'samsungfativs',5.49,,£323.00,,Windows,8.0,8.1.1,1500,2,1024,Y,124.46,720x1280,8,N,850 / 900 / 1800 / 1900,12/12,,http://www.gsmarena.com/samsung_ativ_s_i8750-4960.php,,,,
Samsung,Galaxy A3,GALAXY A3 (A300),16,"'a33g', 'a3lte', 'a3ltechn', 'a3ltectc', 'a3ltedd', 'a3lteslk', 'a3ltezh', 'a3ltezt', 'a3ulte', 'a3xelte'",4.99,£145.08,£225.80,http://www.techradar.com/reviews/phones/mobile-phones/samsung-galaxy-a3-1279601/review,Android,4.4.4,5.0.2,1200,4,1536,Y,114.3,540x960,8,Y,850 / 900 / 1800 / 1900,12/14,,http://www.gsmarena.com/samsung_galaxy_a3-6762.php,,,,
Samsung,Galaxy A5,GALAXY A5 (A500),16,"'a53g', 'a5lte', 'a5ltechn', 'a5ltectc', 'a5ltezh', 'a5ltezt', 'a5ulte', 'a5ultebmc', 'a5ultektt', 'a5ultelgt', 'a5ulteskt', 'a5xelte', 'a5xeltecmcc', 'a5xeltektt', 'a5xeltelgt', 'a5xelteskt', 'a5xeltextc', 'a5xltechn', 'a5xeltextc'",5.49,£184.23,£199.99,http://www.techradar.com/reviews/phones/mobile-phones/samsung-galaxy-a5-1279602/review,Android,4.4.4,5.0.2,1200,4,2048,Y,127,720x1280,13,Y,850 / 900 / 1800 / 1900,12/14,,http://www.gsmarena.com/samsung_galaxy_a5-6761.php,,,,
Samsung,Galaxy Ace 2,GALAXY ACE 2 I8160,4,"'GT-I8160', 'GT-I8160L', 'GT-I8160P'",4.99,£107.63,£239.99,http://www.trustedreviews.com/samsung-galaxy-ace-2-review,Android,2.3,4.1.2,800,2,768,Y,96.52,480x800,5,N,850 / 900 / 1800 / 1900,5/12,,http://www.gsmarena.com/samsung_galaxy_ace_2_i8160-4559.php,,,,
Samsung,Galaxy Ace 3,Galaxy Ace 3,4,"'logan', 'logan3gcmcc', 'logands'",3.99,,£175.00,http://www.expertreviews.co.uk/mobile-phones/53454/samsung-galaxy-ace-3-review,Android,4.2,,1000,2,1024,Y,101.6,480x800,5,Y,850 / 900 / 1800 / 1900,7/13,,http://www.gsmarena.com/samsung_galaxy_ace_3-5479.php,Samsung,Galaxy Core Prime,8,
Samsung,Galaxy Ace 3,Galaxy Ace 3,8,"'logan', 'logan3gcmcc', 'logands'",4.99,,£225.00,,Android,4.2,,1000,2,1024,Y,101.6,480x800,5,Y,850 / 900 / 1800 / 1900,7/13,,http://www.gsmarena.com/samsung_galaxy_ace_3-5479.php,Samsung,Galaxy Core Prime,8,
Samsung,Galaxy Ace 4,GALAXY ACE 4 G357,8,"'vivalto3g', 'vivalto3mve3g', 'vivalto5mve3g','vivaltolte', 'vivaltonfc3g'",4.99,£81.29,£150.00,http://www.mobilefun.co.uk/blog/2014/10/sim-free-galaxy-ace-4/,Android,4.4.4,,1200,4,1024,Y,109.22,480x800,5,Y,850 / 900 / 1800 / 1900,9/14,,http://www.gsmarena.com/samsung_galaxy_ace_style_lte_g357-6706.php,,,,
Samsung,Galaxy Ace,GALAXY ACE S5830,0.15,"'GT-S5830','GT-S5830B','GT-S5830C','GT-S5830D','GT-S5830F','GT-S5830G','GT-S5830L','GT-S5830M','GT-S5830T','GT-S5830i','GT-S5831i','GT-S5838','GT-S5839i','GT-S6358','SCH-I619','SHW-M240S','heat3gou','heatlte'",3.99,£89.31,£95.00,http://www.techradar.com/reviews/phones/mobile-phones/samsung-galaxy-ace-930912/review#best-price-article-top,Android,2.3,,800,1,278,Y,88.9,320x480,5,N,850 / 900 / 1800 / 1900,2/11,,http://www.gsmarena.com/samsung_galaxy_ace_s5830-3724.php,,,,
Samsung,Galaxy Ace Style,GALAXY ACE STYLE G310,4,"'heat3gtfnvzw', 'heatnfc3g', 'heatqlte'",4.99,£65.68,£250.00,http://www.gsmarena.com/samsung_showcases_galaxy_ace_style_in_germany_-news-8211.php,Android,4.4.2,,1200,2,512,Y,101.6,480x800,5,N,850 / 900 / 1800 / 1900,5/14,,http://www.gsmarena.com/samsung_galaxy_ace_style-6284.php,,,,
Samsung,Galaxy Alpha,GALAXY ALPHA G850,32,"'slte', 'slteatt', 'sltecan', 'sltechn', 'sltektt', 'sltelgt', 'slteskt'",5.49,£271.67,£461.77,http://www.techradar.com/reviews/phones/mobile-phones/samsung-galaxy-alpha-1263303/review,Android,4.4.4,5.0.2,1800,4,2048,N,119.38,720x1280,12,Y,850 / 900 / 1800 / 1900,9/14,,http://www.gsmarena.com/samsung_galaxy_alpha-6573.php,,,,
Samsung,Galaxy Core Prime,GALAXY CORE PRIME G360,8,"'core33g','coreprimelte','coreprimelteaio','coreprimeltelra','coreprimeltespr','coreprimeltetfnvzw','coreprimeltevzw','coreprimeve3g,'coreprimevelte','cprimeltemtr','cprimeltetmo','rossalte','rossaltectc','rossaltexsa'",3.99,£66.10,£110.00,http://www.techradar.com/reviews/phones/mobile-phones/samsung-galaxy-core-prime-1313955/review,Android,4.4.4,5.1.1,1200,4,1024,Y,114.3,480x800,5,Y,850 / 900 / 1800 / 1900,11/14,,http://www.gsmarena.com/samsung_galaxy_core_prime-6716.php,,,,
Samsung,Galaxy Fame,GALAXY FAME S6810,4,"'SCH-I629','nevis','nevis3g','nevis3gcmcc','nevisds','nevisnvess','nevisp','nevisvess','nevisw'",4.99,£65.87,£180.00,http://www.techradar.com/reviews/phones/mobile-phones/samsung-galaxy-fame-1133534/review#best-price-article-top,Android,4.1.2,,1000,1,512,Y,88.9,320x480,5,N,850 / 900 / 1800 / 1900,3/13,,http://www.gsmarena.com/samsung_galaxy_fame_s6810-5279.php,,,,
Samsung,Galaxy Mega 6.3,GALAXY MEGA I9205,8,"'melius3g','melius3gduosctc','meliuslte','meliuslteMetroPCS','meliuslteatt','meliuslteatt','meliusltektt','meliusltelgt','meliuslteskt','meliuslteskt','meliuslteusc'",5.99,£228.40,£449.00,http://www.trustedreviews.com/samsung-galaxy-mega-6-3-review,Android,4.2.2,4.4.2,1700,2,1536,Y,160.02,720x1280,8,Y,850 / 900 / 1800 / 1900,6/13,,http://www.gsmarena.com/samsung_galaxy_mega_6_3_i9200-5398.php,,,,
Samsung,Galaxy Mega 6.3,GALAXY MEGA I9205,16,"'melius3g','melius3gduosctc','meliuslte','meliuslteMetroPCS','meliuslteatt','meliuslteatt','meliusltektt','meliusltelgt','meliuslteskt','meliuslteskt','meliuslteusc'",5.99,,£499.00,,Android,4.2.2,4.4.2,1700,2,1536,Y,160.02,720x1280,8,Y,850 / 900 / 1800 / 1900,6/13,,http://www.gsmarena.com/samsung_galaxy_mega_6_3_i9200-5398.php,Samsung,Galaxy Mega 6.3,8,
Samsung,Galaxy Nexus,GALAXY NEXUS I9250,16,"'maguro','toro','toroplus'",5.99,£258.60,£499.99,http://www.trustedreviews.com/samsung-galaxy-nexus-review,Android,4.0,4.3,1200,2,1024,N,118.11,720x1280,5,Y,850 / 900 / 1800 / 1900,11/11,,http://www.gsmarena.com/samsung_galaxy_nexus_i9250-4219.php,,,,
Samsung,Galaxy Note II,GALAXY NOTE 2 N7100,16,"'t0lteatt', 'SC-02E', 't03g', 't03gchn', 't03gchnduos', 't03gcmcc', 't03gctc', 't03gcuduos', 't0lte', 't0lteatt', 't0ltecan', 't0ltecmcc', 't0ltedcm', 't0ltektt', 't0ltelgt', 't0lteskt', 't0ltespr', 't0ltetmo', 't0lteusc', 't0ltevzw'",5.49,£278.45,£549.99,http://www.trustedreviews.com/samsung-galaxy-note-2-review,Android,4.1.1,4.4.2,1600,4,2048,Y,139.7,720x1280,8,Y,850 / 900 / 1800 / 1900,9/12,,http://www.gsmarena.com/samsung_galaxy_note_ii_n7100-4854.php,,,,
Samsung,Galaxy Note II,GALAXY NOTE 2 N7100,32,"'t0lteatt', 'SC-02E', 't03g', 't03gchn', 't03gchnduos', 't03gcmcc', 't03gctc', 't03gcuduos', 't0lte', 't0lteatt', 't0ltecan', 't0ltecmcc', 't0ltedcm', 't0ltektt', 't0ltelgt', 't0lteskt', 't0ltespr', 't0ltetmo', 't0lteusc', 't0ltevzw'",6.99,,£599.99,,Android,4.1.1,4.4.2,1600,4,2048,Y,139.7,720x1280,8,Y,850 / 900 / 1800 / 1900,9/12,,http://www.gsmarena.com/samsung_galaxy_note_ii_n7100-4854.php,Samsung,Galaxy Note 4 ,32,
Samsung,Galaxy Note II,GALAXY NOTE 2 N7100,64,"'t0lteatt', 'SC-02E', 't03g', 't03gchn', 't03gchnduos', 't03gcmcc', 't03gctc', 't03gcuduos', 't0lte', 't0lteatt', 't0ltecan', 't0ltecmcc', 't0ltedcm', 't0ltektt', 't0ltelgt', 't0lteskt', 't0ltespr', 't0ltetmo', 't0lteusc', 't0ltevzw'",7.99,,£649.99,,Android,4.1.1,4.4.2,1600,4,2048,Y,139.7,720x1280,8,Y,850 / 900 / 1800 / 1900,9/12,,http://www.gsmarena.com/samsung_galaxy_note_ii_n7100-4854.php,Samsung,Galaxy Note 4 ,32,
Samsung,Galaxy Note 3,GALAXY NOTE 3 N9005 16G,16,"'SC-02F', 'SCL22', 'ha3g', 'hlte', 'hlteatt', 'hltecan', 'hltektt', 'hltelgt', 'hlteskt', 'hltespr', 'hltetmo', 'hlteusc', 'hltevzw', 'htdlte'",5.49,£353.86,£620.00,http://www.expertreviews.co.uk/mobile-phones/53052/samsung-galaxy-note-3-review,Android,4.3,4.4.2,2300,4,3072,Y,144.78,1080x1920,13,Y,850 / 900 / 1800 / 1900,9/13,,http://www.gsmarena.com/samsung_galaxy_note_3-5665.php,,,,
Samsung,Galaxy Note 3,GALAXY NOTE 3 N9005 32G,32,"'SC-02F', 'SCL22', 'ha3g', 'hlte', 'hlteatt', 'hltecan', 'hltektt', 'hltelgt', 'hlteskt', 'hltespr', 'hltetmo', 'hlteusc', 'hltevzw', 'htdlte'",7.99,,£670.00,,Android,4.3,4.4.2,2300,4,3072,Y,144.78,1080x1920,13,Y,850 / 900 / 1800 / 1900,9/13,,http://www.gsmarena.com/samsung_galaxy_note_3-5665.php,Samsung,Galaxy Note 4 ,32,
Samsung,Galaxy Note 3,GALAXY NOTE 3 N9005 64G,64,"'SC-02F', 'SCL22', 'ha3g', 'hlte', 'hlteatt', 'hltecan', 'hltektt', 'hltelgt', 'hlteskt', 'hltespr', 'hltetmo', 'hlteusc', 'hltevzw', 'htdlte'",7.99,,£720.00,,Android,4.3,4.4.2,2300,4,3072,Y,144.78,1080x1920,13,Y,850 / 900 / 1800 / 1900,9/13,,http://www.gsmarena.com/samsung_galaxy_note_3-5665.php,Samsung,Galaxy Note 4 ,32,
Samsung,Galaxy Note 4,GALAXY NOTE 4 N910,32,"'tre3caltektt', 'tre3caltelgt', 'tre3calteskt', 'tre3g', 'trelte', 'treltektt', 'treltelgt', 'trelteskt', 'trhplte', 'trlte', 'trlteatt', 'trltecan', 'trltechn', 'trltechnzh', 'trltespr', 'trltetmo', 'trlteusc', 'trltevzw'",5.99,£327.52,£600.00,http://www.expertreviews.co.uk/mobile-phones/1401751/samsung-galaxy-note-4-review-still-king-of-the-phablets,Android,4.4.4,6.0.1,2700,4,3072,Y,144.78,1440x2560,16,Y,850 / 900 / 1800 / 1900,10/14,,http://www.gsmarena.com/samsung_galaxy_note_4-6434.php,,,,
Samsung,Galaxy Note Edge,Galaxy Note Edge,32,"'SCL24', 'tbeltektt', 'tbeltelgt', 'tbelteskt', 'tblte', 'tblteatt', 'tbltecan', 'tbltechn', 'tbltespr', 'tbltetmo', 'tblteusc', 'tblteusc'",7.99,,£650.00,http://www.trustedreviews.com/samsung-galaxy-edge-review,Android,4.4.4,6.0,2700,4,3072,Y,142.24,1600 x 2560,16,Y,850 / 900 / 1800 / 1900,11/14,,http://www.gsmarena.com/samsung_galaxy_note_edge-6631.php,Samsung,Galaxy Note 4 ,32,
Samsung,Galaxy Note Edge,Galaxy Note Edge,64,"'SCL24', 'tbeltektt', 'tbeltelgt', 'tbelteskt', 'tblte', 'tblteatt', 'tbltecan', 'tbltechn', 'tbltespr', 'tbltetmo', 'tblteusc', 'tblteusc'",7.99,,£700.00,,Android,4.4.4,6.0,2700,4,3072,Y,142.24,1600 x 2560,16,Y,850 / 900 / 1800 / 1900,11/14,,http://www.gsmarena.com/samsung_galaxy_note_edge-6631.php,Samsung,Galaxy Note 4 ,32,
Samsung,Galaxy Note,GALAXY NOTE N7000,16,"'GT-I9220','GT-I9228','GT-N7000','GT-N7005','SC-05D','SCH-i889','SGH-I717','SGH-I717D','SGH-I717M','SGH-I717R','SGH-T879','SHV-E160K','SHV-E160L','SHV-E160S'",5.99,£196.00,£480.00,http://www.trustedreviews.com/samsung-galaxy-note-review,Android,2.3.5,4.1.2,1200,2,1024,Y,134.62,800x1280,8,Y,850 / 900 / 1800 / 1900,10/11,,http://www.gsmarena.com/samsung_galaxy_note_n7000-4135.php,,,,
Samsung,Galaxy Note,GALAXY NOTE N7000,32,"'GT-I9220','GT-I9228','GT-N7000','GT-N7005','SC-05D','SCH-i889','SGH-I717','SGH-I717D','SGH-I717M','SGH-I717R','SGH-T879','SHV-E160K','SHV-E160L','SHV-E160S'",6.99,,£530.00,,Android,2.3.5,4.1.2,1200,2,1024,Y,134.62,800x1280,8,Y,850 / 900 / 1800 / 1900,10/11,,http://www.gsmarena.com/samsung_galaxy_note_n7000-4135.php,Samsung,Galaxy Note,16,
Samsung,Galaxy S,GALAXY S I9000,8,"'GT-I9000','GT-I9000B','GT-I9000M','GT-I9000T','GT-I9003','GT-I9003L','GT-I9008L','GT-I9010','GT-I9018','GT-I9050','SC-02B','SCH-I500','SCH-S950C','SCH-i909','SGH-I897','SGH-T959V','SGH-T959W','SHW-M110S','SHW-M190S','SPH-D700','loganlte'",6.99,£175.00,£510.00,http://www.expertreviews.co.uk/mobile-phones/49795/samsung-gt-i9000-galaxy-s-16gb-review,Android,2.1,2.3,1000,1,512,Y,101.6,480x800,5,N,850 / 900 / 1800 / 1900,6/10,,http://www.gsmarena.com/samsung_i9000_galaxy_s-3115.php,,,,
Samsung,Galaxy S,GALAXY S I9000,16,"'GT-I9000','GT-I9000B','GT-I9000M','GT-I9000T','GT-I9003','GT-I9003L','GT-I9008L','GT-I9010','GT-I9018','GT-I9050','SC-02B','SCH-I500','SCH-S950C','SCH-i909','SGH-I897','SGH-T959V','SGH-T959W','SHW-M110S','SHW-M190S','SPH-D700','loganlte'",6.99,,£560.00,,Android,2.1,2.3,1000,1,512,Y,101.6,480x800,5,N,850 / 900 / 1800 / 1900,6/10,,http://www.gsmarena.com/samsung_i9000_galaxy_s-3115.php,Samsung,Galaxy A3 ,16,
Samsung,Galaxy SII,GALAXY S2 I9100,16,"'GT-I9100', 'GT-I9100M', 'GT-I9100P', 'GT-I9100T', 'GT-I9103', 'GT-I9108', 'GT-I9210T', 'SC-02C', 'SCH-R760X', 'SGH-I777', 'SGH-S959G', 'SGH-T989', 'SHV-E110S', 'SHW-M250K', 'SHW-M250L', 'SHW-M250S', 't1cmcc'",4.99,£194.83,£549.95,http://www.androidcentral.com/samsung-galaxy-s2-i9100-specs-and-price-listed-uk,Android,2.3.4,4.1,1200,2,1024,Y,109.22,480x800,8,N,850 / 900 / 1800 / 1900,4/11,,http://www.gsmarena.com/samsung_i9100_galaxy_s_ii-3621.php,,,,
Samsung,Galaxy SII,GALAXY S2 I9100,32,"'GT-I9100', 'GT-I9100M', 'GT-I9100P', 'GT-I9100T', 'GT-I9103', 'GT-I9108', 'GT-I9210T', 'SC-02C', 'SCH-R760X', 'SGH-I777', 'SGH-S959G', 'SGH-T989', 'SHV-E110S', 'SHW-M250K', 'SHW-M250L', 'SHW-M250S', 't1cmcc'",6.99,,£599.95,,Android,2.3.4,4.1,1200,2,1024,Y,109.22,480x800,8,N,850 / 900 / 1800 / 1900,4/11,,http://www.gsmarena.com/samsung_i9100_galaxy_s_ii-3621.php,Samsung,Galaxy SII,16,
Samsung,Galaxy SIII,GALAXY S3 I9300,16,"'SC-03E', 'c1att', 'c1ktt', 'c1lgt', 'c1skt', 'd2att', 'd2can', 'd2cri', 'd2dcm', 'd2lteMetroPCS', 'd2lterefreshspr', 'd2ltetmo', 'd2mtr', 'd2spi', 'd2spr', 'd2tfnspr', 'd2tfnvzw', 'd2tmo', 'd2usc', 'd2vmu', 'd2vzw', 'd2xar', 'm0', 'm0apt', 'm0chn', 'm0cmcc', 'm0ctc', 'm0ctcduos', 'm0skt', 'm3dcm'",4.99,£180.08,£500.00,http://www.wired.co.uk/reviews/mobile-phones/2012-05/samsung-galaxy-s3,Android,4.04,4.3,1400,4,1024,Y,121.92,720 x 1280,8,N,850 / 900 / 1800 / 1900,5/12,,http://www.gsmarena.com/samsung_i9300_galaxy_s_iii-4238.php,,,,
Samsung,Galaxy SIII,GALAXY S3 I9300,32,"'SC-03E', 'c1att', 'c1ktt', 'c1lgt', 'c1skt', 'd2att', 'd2can', 'd2cri', 'd2dcm', 'd2lteMetroPCS', 'd2lterefreshspr', 'd2ltetmo', 'd2mtr', 'd2spi', 'd2spr', 'd2tfnspr', 'd2tfnvzw', 'd2tmo', 'd2usc', 'd2vmu', 'd2vzw', 'd2xar', 'm0', 'm0apt', 'm0chn', 'm0cmcc', 'm0ctc', 'm0ctcduos', 'm0skt', 'm3dcm'",6.99,,£550.00,,Android,4.04,4.3,1400,4,1024,Y,121.92,720 x 1280,8,N,850 / 900 / 1800 / 1900,5/12,,http://www.gsmarena.com/samsung_i9300_galaxy_s_iii-4238.php,Samsung,Galaxy SIII ,16,
Samsung,Galaxy SIII,GALAXY S3 I9300,64,"'SC-03E', 'c1att', 'c1ktt', 'c1lgt', 'c1skt', 'd2att', 'd2can', 'd2cri', 'd2dcm', 'd2lteMetroPCS', 'd2lterefreshspr', 'd2ltetmo', 'd2mtr', 'd2spi', 'd2spr', 'd2tfnspr', 'd2tfnvzw', 'd2tmo', 'd2usc', 'd2vmu', 'd2vzw', 'd2xar', 'm0', 'm0apt', 'm0chn', 'm0cmcc', 'm0ctc', 'm0ctcduos', 'm0skt', 'm3dcm'",6.99,,£600.00,,Android,4.04,4.3,1400,4,1024,Y,121.92,720 x 1280,8,N,850 / 900 / 1800 / 1900,5/12,,http://www.gsmarena.com/samsung_i9300_galaxy_s_iii-4238.php,Samsung,Galaxy SIII ,16,
Samsung,Galaxy SIII LTE,GALAXY S3 LTE I9305,16,'m3',6.99,£187.68,£530.00,http://www.expertreviews.co.uk/mobile-phones/53344/samsung-galaxy-s3-review,Android,4.1.1,4.4.4,1400,4,2048,Y,121.92,720x1280,8,Y,850 / 900 / 1800 / 1900,9/12,,http://www.gsmarena.com/samsung_i9305_galaxy_s_iii-5001.php,,,,
Samsung,Galaxy SIII mini,GALAXY S3 MINI I8190,8,"'golden','goldenlteatt','goldenltebmc', 'goldenltevzw', 'goldenve3g'",3.99,£113.14,£250.00,http://www.pcadvisor.co.uk/review/mid-range-smartphones/samsung-galaxy-s3-mini-review-3424965/,Android,4.1,,1000,2,1024,Y,101.6,480x800,5,N,850 / 900 / 1800 / 1900,11/12,,http://www.gsmarena.com/samsung_i8190_galaxy_s_iii_mini-5033.php,,,,
Samsung,Galaxy SIII mini,GALAXY S3 MINI I8190,16,"'golden','goldenlteatt','goldenltebmc', 'goldenltevzw', 'goldenve3g'",5.49,,£300.00,,Android,4.1,,1000,2,1024,Y,101.6,480x800,5,N,850 / 900 / 1800 / 1900,11/12,,http://www.gsmarena.com/samsung_i8190_galaxy_s_iii_mini-5033.php,Samsung,Galaxy A3 ,16,
Samsung,Galaxy SIII mini VE,GALAXY S3 MINI VE I8200,8,"'goldenve3g', 'goldenvess3g'",5.49,£78.97,£315.00,http://www.techradar.com/reviews/phones/mobile-phones/samsung-galaxy-s3-mini-1108587/review#best-price-article-top,Android,4.2.2,,1200,2,1024,Y,101.6,480x800,5,N,850 / 900 / 1800 / 1900,3/14,,http://www.gsmarena.com/samsung_i8200_galaxy_s_iii_mini_ve-6190.php,,,,
Samsung,Galaxy SIII mini VE,GALAXY S3 MINI VE I8200,16,"'goldenve3g', 'goldenvess3g'",5.49,,£365.00,,Android,4.2.2,,1200,2,1024,Y,101.6,480x800,5,N,850 / 900 / 1800 / 1900,3/14,,http://www.gsmarena.com/samsung_i8200_galaxy_s_iii_mini_ve-6190.php,Samsung,Galaxy A3 ,16,
Samsung,Galaxy S4,GALAXY S4 I9505,16,"'SC-04E', 'ja3g', 'ja3gduosctc', 'jaltektt', 'jaltelgt', 'jalteskt', 'jflte', 'jflteaio', 'jflteatt', 'jfltecan', 'jfltecri', 'jfltecsp', 'jfltelra', 'jflterefreshspr', 'jfltespr', 'jfltetfnatt', 'jfltetfntmo', 'jfltetmo', 'jflteusc', 'jfltevzw', 'jfltevzwpp', 'jftdd', 'jfwifi', 'jsglte', 'ks01lte', 'ks01ltektt', 'ks01ltelgt','jfvelte'",5.64,£223.80,£579.99,http://www.trustedreviews.com/samsung-galaxy-s4-review,Android,4.2.2,4.4.2,1900,4,2048,Y,127,1080x1920,13,Y,850 / 900 / 1800 / 1900,4/13,,http://www.gsmarena.com/samsung_i9505_galaxy_s4-5371.php,,,,
Samsung,Galaxy S4,GALAXY S4 I9505,32,"'SC-04E', 'ja3g', 'ja3gduosctc', 'jaltektt', 'jaltelgt', 'jalteskt', 'jflte', 'jflteaio', 'jflteatt', 'jfltecan', 'jfltecri', 'jfltecsp', 'jfltelra', 'jflterefreshspr', 'jfltespr', 'jfltetfnatt', 'jfltetfntmo', 'jfltetmo', 'jflteusc', 'jfltevzw', 'jfltevzwpp', 'jftdd', 'jfwifi', 'jsglte', 'ks01lte', 'ks01ltektt', 'ks01ltelgt','jfvelte'",7.99,,£629.99,,Android,4.2.2,4.4.2,1900,4,2048,Y,127,1080x1920,13,Y,850 / 900 / 1800 / 1900,4/13,,http://www.gsmarena.com/samsung_i9505_galaxy_s4-5371.php,Samsung,Galaxy S4,16,
Samsung,Galaxy S4,GALAXY S4 I9505,64,"'SC-04E', 'ja3g', 'ja3gduosctc', 'jaltektt', 'jaltelgt', 'jalteskt', 'jflte', 'jflteaio', 'jflteatt', 'jfltecan', 'jfltecri', 'jfltecsp', 'jfltelra', 'jflterefreshspr', 'jfltespr', 'jfltetfnatt', 'jfltetfntmo', 'jfltetmo', 'jflteusc', 'jfltevzw', 'jfltevzwpp', 'jftdd', 'jfwifi', 'jsglte', 'ks01lte', 'ks01ltektt', 'ks01ltelgt','jfvelte'",7.99,,£679.99,,Android,4.2.2,4.4.2,1900,4,2048,Y,127,1080x1920,13,Y,850 / 900 / 1800 / 1900,4/13,,http://www.gsmarena.com/samsung_i9505_galaxy_s4-5371.php,Samsung,Galaxy S4,16,
Samsung,Galaxy S4 mini,GALAXY S4 MINI I9195,8,"'serrano3g', 'serranods', 'serranolte', 'serranoltebmc', 'serranoltektt', 'serranoltekx', 'serranoltelra', 'serranoltespr', 'serranolteusc', 'serranoltevzw', 'serranove3g', 'serranovelte', 'serranovolteatt'",4.99,£146.19,£363.00,http://www.expertreviews.co.uk/mobile-phones/53390/samsung-galaxy-s4-mini-review,Android,4.2.2,4.4.2,1700,2,1536,Y,109.22,540 x 960,8,Y,850 / 900 / 1800 / 1900,7/13,,http://www.gsmarena.com/samsung_i9190_galaxy_s4_mini-5375.php,,,,
Samsung,Galaxy S4 zoom,GALAXY S4 ZOOM C101 / C105,8,"'mproject3g','mprojectlteatt','mprojectltelgt','mprojectlteskt','mprojectqlte','mprojectltektt'",5.99,£175.21,£419.00,http://www.alphr.com/samsung/samsung-galaxy-s4-zoom,Android,4.2.2,4.4.2,1500,2,1536,Y,114.3,540x960,16,Y,850 / 900 / 1800 / 1900,7/13,,http://www.gsmarena.com/samsung_galaxy_s4_zoom-5447.php,,,,
Samsung,Galaxy S5,GALAXY S5 G900,16,"'SCL23','k3g','klte','klteMetroPCS','klteacg','klteaio','klteatt','kltecan','klteduoszn','kltektt','kltelgt','kltelra','klteskt','kltespr','kltetmo','kltetmo','klteusc','kltevzw','kwifi','lentisltektt','lentisltelgt','lentislteskt'",5.49,£256.90,£329.00,http://www.trustedreviews.com/samsung-galaxy-s5-review,Android,4.4.2,6.0,2500,4,2048,Y,129.54,1080x1920,16,Y,850 / 900 / 1800 / 1900,4/14,,http://www.gsmarena.com/samsung_galaxy_s5-6033.php,,,,
Samsung,Galaxy S5,GALAXY S5 G900,32,"'SCL23','k3g','klte','klteMetroPCS','klteacg','klteaio','klteatt','kltecan','klteduoszn','kltektt','kltelgt','kltelra','klteskt','kltespr','kltetmo','kltetmo','klteusc','kltevzw','kwifi','lentisltektt','lentisltelgt','lentislteskt'",5.49,,£379.00,,Android,4.4.2,6.0,2500,4,2048,Y,129.54,1080x1920,16,Y,850 / 900 / 1800 / 1900,4/14,,http://www.gsmarena.com/samsung_galaxy_s5-6033.php,Samsung,Galaxy S5,16,
Samsung,Galaxy S5 mini,GALAXY S5 MINI G800,16,"'kmini3g', 'kminilte', 'kminilte', 'kminilteusc'",4.99,£185.91,£324.00,http://www.expertreviews.co.uk/mobile-phones/1401271/samsung-galaxy-s5-mini-review,Android,4.4.2,5.1.1,1400,4,1536,Y,114.3,720x1280,8,Y,850 / 900 / 1800 / 1900,7/15,,http://www.gsmarena.com/samsung_galaxy_s5_mini-6252.php,,,,
Samsung,Galaxy S5 Neo,GALAXY S5 NEO G903,16,"'s5neolte','s5neoltecan'",5.49,£262.47,£300.00,http://www.expertreviews.co.uk/mobile-phones/1404303/samsung-galaxy-s5-neo-review-a-newish-galaxy-with-microsd/page/0/1,Android,5.1.1,,1600,8,2048,Y,129.54,1080x1920,16,Y,850 / 900 / 1800 / 1900,8/15,,http://www.gsmarena.com/samsung_galaxy_s5_neo-6506.php,,,,
Samsung,Galaxy S6,GALAXY S6 128G G920,128,"'zeroflte', 'zeroflteacg', 'zeroflteaio', 'zeroflteatt', 'zerofltebmc', 'zerofltechn', 'zerofltectc', 'zerofltektt', 'zerofltelgt', 'zerofltelra', 'zerofltemtr', 'zeroflteskt', 'zerofltespr', 'zerofltetfnvzw', 'zerofltetmo', 'zeroflteusc', 'zerofltevzw'",8.14,£526.16,£719.00,http://www.samsung.com/uk/galaxys6/,Android,5.0.2,6.0.1,1500,4,3072,N,129.54,1440x2560,16,Y,850 / 900 / 1800 / 1900,4/15,,http://www.gsmarena.com/samsung_galaxy_s6-6849.php,,,,
Samsung,Galaxy S6,GALAXY S6 32G G920,32,"'zeroflte', 'zeroflteacg', 'zeroflteaio', 'zeroflteatt', 'zerofltebmc', 'zerofltechn', 'zerofltectc', 'zerofltektt', 'zerofltelgt', 'zerofltelra', 'zerofltemtr', 'zeroflteskt', 'zerofltespr', 'zerofltetfnvzw', 'zerofltetmo', 'zeroflteusc', 'zerofltevzw'",6.14,£335.35,£549.00,,Android,5.0.2,6.0.1,1500,4,3072,N,129.54,1440x2560,16,Y,850 / 900 / 1800 / 1900,4/15,,http://www.gsmarena.com/samsung_galaxy_s6-6849.php,,,,
Samsung,Galaxy S6,GALAXY S6 64G G920,64,"'zeroflte', 'zeroflteacg', 'zeroflteaio', 'zeroflteatt', 'zerofltebmc', 'zerofltechn', 'zerofltectc', 'zerofltektt', 'zerofltelgt', 'zerofltelra', 'zerofltemtr', 'zeroflteskt', 'zerofltespr', 'zerofltetfnvzw', 'zerofltetmo', 'zeroflteusc', 'zerofltevzw'",8.14,£380.70,£639.00,http://www.samsung.com/uk/galaxys6/,Android,5.0.2,6.0.1,1500,4,3072,N,129.54,1440x2560,16,Y,850 / 900 / 1800 / 1900,4/15,,http://www.gsmarena.com/samsung_galaxy_s6-6849.php,,,,
Samsung,Galaxy S6 Edge,GALAXY S6 EDGE 128G G925,128,"'404SC', 'SCV31', 'zerolte', 'zerolteacg', 'zerolteatt', 'zeroltebmc', 'zeroltechn', 'zeroltektt', 'zeroltelgt', 'zeroltelra', 'zerolteskt', 'zeroltespr', 'zeroltetmo', 'zerolteusc', 'zeroltevzw'",8.14,£483.81,£719.00,http://www.samsung.com/uk/galaxys6/,Android,5.0.2,6.0.1,1500,4,3072,N,129.54,1440x2560,16,Y,850 / 900 / 1800 / 1900,4/15,,http://www.gsmarena.com/samsung_galaxy_s6_edge-7079.php,,,,
Samsung,Galaxy S6 Edge,GALAXY S6 EDGE 32G G925,32,"'404SC', 'SCV31', 'zerolte', 'zerolteacg', 'zerolteatt', 'zeroltebmc', 'zeroltechn', 'zeroltektt', 'zeroltelgt', 'zeroltelra', 'zerolteskt', 'zeroltespr', 'zeroltetmo', 'zerolteusc', 'zeroltevzw'",7.14,£387.21,£549.00,http://www.samsung.com/uk/galaxys6/,Android,5.0.2,6.0.1,1500,4,3072,N,129.54,1440x2560,16,Y,850 / 900 / 1800 / 1900,4/15,,http://www.gsmarena.com/samsung_galaxy_s6_edge-7079.php,,,,
Samsung,Galaxy S6 Edge,GALAXY S6 EDGE 64G G925,64,"'404SC', 'SCV31', 'zerolte', 'zerolteacg', 'zerolteatt', 'zeroltebmc', 'zeroltechn', 'zeroltektt', 'zeroltelgt', 'zeroltelra', 'zerolteskt', 'zeroltespr', 'zeroltetmo', 'zerolteusc', 'zeroltevzw'",8.14,£426.33,£639.00,,Android,5.0.2,6.0.1,1500,4,3072,N,129.54,1440x2560,16,Y,850 / 900 / 1800 / 1900,4/15,,http://www.gsmarena.com/samsung_galaxy_s6_edge-7079.php,,,,
Samsung,Galaxy S6 Edge+,GALAXY S6 EDGE+ 32G G928,32,"'zenlte', 'zenlteatt', 'zenltebmc', 'zenltechn', 'zenltektt', 'zenltekx', 'zenltelgt', 'zenlteskt', 'zenltespr', 'zenltetmo', 'zenltevzw'",7.99,£453.97,£629.00,http://www.samsung.com/uk/galaxys6/,Android,5.1.1,6.0.1,1500,4,4096,N,144.78,1440x2560,16,Y,850 / 900 / 1800 / 1900,8/15,,http://www.gsmarena.com/samsung_galaxy_s6_edge+-7467.php,,,,
Samsung,Galaxy S6 Edge+,GALAXY S6 EDGE+ 64G,64,"'zenlte', 'zenlteatt', 'zenltebmc', 'zenltechn', 'zenltektt', 'zenltekx', 'zenltelgt', 'zenlteskt', 'zenltespr', 'zenltetmo', 'zenltevzw'",7.99,,£719.00,http://www.samsung.com/uk/galaxys6/,Android,5.1.1,6.0.1,1500,4,4096,N,144.78,1440x2560,16,Y,850 / 900 / 1800 / 1900,8/15,,http://www.gsmarena.com/samsung_galaxy_s6_edge+-7467.php,,,,
Samsung,Galaxy S7,GALAXY S7 32G G930,32,"'herolte','heroltebmc','heroltektt','heroltelgt','herolteskt','heroqlteatt','heroqltespr','heroqltetmo'",6.99,£426.11,£569.00,http://www.samsung.com/uk/consumer/mobile-devices/smartphones/galaxy-s/galaxy-s7/,Android,6.0,,2150,2,4096,Y,139.7,1440x2560,12,Y,850 / 900 / 1800 / 1900,3/16,,http://www.gsmarena.com/samsung_galaxy_s7-7821.php,,,,
Samsung,Galaxy S7,GALAXY S7 64G G930,64,"'herolte','heroltebmc','heroltektt','heroltelgt','herolteskt','heroqlteatt','heroqltespr','heroqltetmo'",,,,http://pocketnow.com/2016/02/22/samsung-galaxy-s7-64-gb-accessories-always-on-display,Android,6.0,,2150,2,4096,Y,139.7,1440x2560,12,Y,850 / 900 / 1800 / 1900,3/16,,http://www.gsmarena.com/samsung_galaxy_s7-7821.php,,,,
Samsung,Galaxy S7 Edge,GALAXY S7 EDGE 32G G935,32,"'hero2lte','hero2ltebmc','hero2ltektt','hero2ltelgt','hero2lteskt','hero2qlteatt','hero2qltespr','hero2qltetmo'",7.99,£486.17,£639.00,http://www.samsung.com/uk/consumer/mobile-devices/smartphones/galaxy-s/galaxy-s7/,Android,6.0,,2150,2,4096,Y,139.7,1440x2560,12,Y,850 / 900 / 1800 / 1900,3/16,,http://www.gsmarena.com/samsung_galaxy_s7_edge-7945.php,,,,
Samsung,Galaxy S7 Edge,GALAXY S7 EDGE 64G G935,64,"'hero2lte','hero2ltebmc','hero2ltektt','hero2ltelgt','hero2lteskt','hero2qlteatt','hero2qltespr','hero2qltetmo'",,,,http://pocketnow.com/2016/02/22/samsung-galaxy-s7-64-gb-accessories-always-on-display,Android,6.0,,2150,2,4096,Y,139.7,1440x2560,12,Y,850 / 900 / 1800 / 1900,3/16,,http://www.gsmarena.com/samsung_galaxy_s7_edge-7945.php,,,,
Samsung,Galaxy W,GALAXY W I8150,2,"'GT-I8150','GT-I8150B','GT-I8150T','SGH-T679M','q7lteskt'",4.99,£125.67,£228.00,http://www.trustedreviews.com/samsung-galaxy-w-i8150-review,Android,2.3.5,,1400,1,512,Y,93.98,480x800,5,N,850 / 900 / 1800 / 1900,10/11,,http://www.gsmarena.com/samsung_galaxy_w_i8150-4114.php,,,,
Samsung,Galaxy Y ,GALAXY Y S5360,0.2,"'GT-S5360','GT-S5360B','GT-S5360L','GT-S5360T','GT-S5363','GT-S5368','GT-S5369','SCH-I509','SCH-i509'",3.99,£54.94,£89.99,http://www.trustedreviews.com/samsung-galaxy-young-review,Android,2.3.5,,830,1,290,Y,76.2,240x320,2,N,850 / 900 / 1800 / 1900,10/11,,http://www.gsmarena.com/samsung_galaxy_y_s5360-4117.php,,,,
Samsung,Galaxy Young 2,GALAXY YOUNG 2 G130,4,"'young23g','young23gdtv','young2ds2g','young2nfc3g'",3.99,£48.68,£79.00,http://www.trustedreviews.com/samsung-galaxy-young-2-review,Android,4.4.2,,1000,1,512,Y,88.9,320x480,3,N,850 / 900 / 1800 / 1900,10/14,,http://www.gsmarena.com/samsung_galaxy_young_2-6480.php,,,,
Sony,Xperia Arc S,ARC S LT18I,1,"'LT15a','LT15i'",5.49,£138.16,£299.00,http://www.trustedreviews.com/sony-ericsson-xperia-arc-s-review,Android,2.3.4,4.0.4,1400,1,512,Y,106.68,480x854,8,N,850 / 900 / 1800 / 1900,9/11,,http://www.gsmarena.com/sony_ericsson_xperia_arc_s-4134.php,,,,
Sony,Xperia E,XPERIA E C1505,4,"'C1504','C1505'",3.99,£51.72,£128.00,http://www.androidcentral.com/sony-xperia-e-e-dual-get-priced-europe,Android,4.1,,1000,1,512,Y,88.9,320x480,3,N,850 / 900 / 1800 / 1900,3/13,,http://www.gsmarena.com/sony_xperia_e-5149.php,,,,
Sony,Xperia E1,XPERIA E1 D2005,4,"'D2004','D2005','D2114'",3.99,£74.71,£69.99,http://www.trustedreviews.com/sony-xperia-e1-review,Android,4.3,,1200,2,512,Y,101.6,480x800,3,N,850 / 900 / 1800 / 1900,3/14,,http://www.gsmarena.com/sony_xperia_e1-5966.php,,,,
Sony,Xperia E3,XPERIA E3 D2203,4,"'D2202','D2203','D2206','D2243'",4.99,£80.58,£160.00,http://www.pcadvisor.co.uk/review/smartphones/sony-xperia-e3-hands-on-review-3543376/,Android,4.4.2,,1200,4,1024,Y,114.3,480x854,5,Y,850 / 900 / 1800 / 1900,9/14,,http://www.gsmarena.com/sony_xperia_e3-6634.php,,,,
Sony,Xperia E4g,XPERIA E4G E2003,8,"'E2053','E2003','E2006'",3.99,£76.04,£99.00,http://www.techradar.com/news/phone-and-communications/mobile-phones/sony-xperia-e4g-gives-the-e4-a-speed-injection-making-it-redundant-1285679,Android,4.4.4,,1500,4,1024,Y,119.38,540x960,5,Y,850 / 900 / 1800 / 1900,4 /15,,http://www.gsmarena.com/sony_xperia_e4g-7059.php,,,,
Sony,Xperia go,XPERIA GO ST27I,8,'ST27i',4.99,£95.05,£199.00,http://www.trustedreviews.com/sony-xperia-go-review,Android,2.3,4.1.2,1000,2,512,Y,88.9,320x480,5,N,850 / 900 / 1800 / 1900,7/12,,http://www.gsmarena.com/sony_xperia_go-4782.php,,,,
Sony,Xperia J,XPERIA J ST26I,4,"'ST26a','ST26i'",4.99,£95.00,£170.00,http://www.trustedreviews.com/sony-xperia-j-st26i-review,Android,4.0.4,4.1.2,1000,1,512,Y,101.6,480x854,5,N,850 / 900 / 1800 / 1900,10/12,,http://www.gsmarena.com/sony_xperia_j-4930.php,,,,
Sony,Xperia L,XPERIA L C2105,8,"'C2104','C2105'",4.99,£110.08,£249.99,http://www.trustedreviews.com/sony-xperia-l-review,Android,4.1,4.2.2,1000,2,1024,Y,109.22,480x854,8,N,850 / 900 / 1800 / 1900,5/13,,http://www.gsmarena.com/sony_xperia_l-5363.php,,,,
Sony,Xperia M,XPERIA M C1905,4,"'C1904','C1905'",4.99,£84.09,£179.99,http://www.trustedreviews.com/sony-xperia-m-review,Android,4.1,4.3,1000,2,1024,Y,101.6,480x854,5,N,850 / 900 / 1800 / 1900,8/13,,http://www.gsmarena.com/sony_xperia_m-5497.php,,,,
Sony,Xperia M2,XPERIA M2 D2303,8,"'D2303','D2305','D2306'",4.99,£101.94,£149.00,http://www.trustedreviews.com/sony-xperia-m2-review,Android,4.3,5.1,1200,4,1024,Y,121.92,540x960,8,Y,850 / 900 / 1800 / 1900,5 / 14,,http://www.gsmarena.com/sony_xperia_m2-6146.php,,,,
Sony,Xperia M2 Aqua,Xperia M2 Aqua,8,"'D2403','D2406'",4.99,,£219.00,http://www.wired.co.uk/article/sony-xperia-m2-aqua,Android,4.4.2,5.1.1,1200,4,1024,Y,121.92,540x960,8,Y,850 / 900 / 1800 / 1900,4/14,,http://www.gsmarena.com/sony_xperia_m2_aqua-6582.php,Sony,Xperia M4 Aqua,8,
Sony,Xperia M4 Aqua,XPERIA M4 E2303,8,"'E2303','E2306','E2353'",4.99,£131.11,£199.99,http://www.trustedreviews.com/sony-xperia-m4-aqua-review,Android,5.0,6.0,1500,4,2048,Y,127,720x1280,13,Y,850 / 900 / 1800 / 1900,6/15,,http://www.gsmarena.com/sony_xperia_m4_aqua-7068.php,,,,
Sony,Xperia M5,XPERIA M5 E5603,16,"'E5603','E5606','E5653'",5.49,£250.00,£299.00,http://www.xperiablog.net/2016/03/10/xperia-m5-now-available-through-sony-mobile-store-in-europe/,Android,5.0,5.1,2000,8,3072,Y,127,1080x1920,21,Y,850 / 900 / 1800 / 1900,9/15,,http://www.gsmarena.com/sony_xperia_m5-7464.php,,,,
Sony,Xperia P,XPERIA P LT22I,16,'LT22i',5.49,£160.00,£340.00,http://www.techradar.com/reviews/phones/mobile-phones/sony-xperia-p-1082016/review,Android,2.3,4.1,1000,2,1024,N,101.6,540x960,8,N,850 / 900 / 1800 / 1900,5/12,,http://www.gsmarena.com/sony_xperia_p-4436.php,,,,
Sony,Xperia PLAY,XPERIA PLAY R800I,0.39,"'R800a','R800i','R800x','R800at'",5.99,£225.00,£414.00,http://www.trustedreviews.com/sony-ericsson-xperia-play-review,Android,2.3.4,,1000,1,512,Y,101.6,480x854,5,N,850 / 900 / 1800 / 1900,3/11,,http://www.gsmarena.com/sony_ericsson_xperia_play-3608.php,,,,
Sony,Xperia S,XPERIA S LT26I,32,"'LT26i','SO-02D'",5.99,£172.75,£410.00,http://www.trustedreviews.com/sony-xperia-s-review,Android,2.3,4.1.2,1500,2,1024,N,109.22,720x1280,12,N,850 / 900 / 1800 / 1900,2/12,,http://www.gsmarena.com/sony_xperia_s-4369.php,,,,
Sony,Xperia SP,XPERIA SP C5303,8,"'M35c','C5303','C5302','C5306','M35h','M35t'",4.99,£139.85,£300.00,http://www.pcadvisor.co.uk/review/mid-range-smartphones/sony-xperia-sp-review-android-smartphone-3450632/,Android,4.1,4.3,1700,2,1024,Y,116.84,720x1280,8,Y,850 / 900 / 1800 / 1900,4/13,,http://www.gsmarena.com/sony_xperia_sp-5364.php,,,,
Sony,Xperia T,XPERIA T LT30P,16,"'LT30a','LT30at','LT30p','LT29i','LT30a','LT30p'",5.49,£197.29,£400.00,http://www.cnet.com/uk/products/sony-xperia-t/,Android,4.0.4,4.3,1500,2,1024,Y,115.57,720x1280,13,N,850 / 900 / 1800 / 1900,9/12,,http://www.gsmarena.com/sony_xperia_t-4899.php,,,,
Sony,Xperia T2 Ultra,Xperia T2 Ultra,8,"'D5303','D5306','D5316','D5316N','D5322'",5.49,,£319.99,http://www.xperiablog.net/2014/06/11/surprise-xperia-t2-ultra-available-in-europe-after-all/,Android,4.3,4.4.2,1400,4,1024,Y,152.4,720 x 1280,13,Y,850 / 900 / 1800 / 1900,5/14,,http://www.gsmarena.com/sony_xperia_t2_ultra-5965.php,Sony,Xperia M4 Aqua,8,
Sony,Xperia T3,Xperia T3,8,"'D5102','D5103','D5106'",5.49,,£299.00,http://www.trustedreviews.com/sony-xperia-t3-review,Android,4.4.2,,1400,4,1024,Y,134.62,720 x 1280,8,Y,850 / 900 / 1800 / 1900,7/14,,http://www.gsmarena.com/sony_xperia_t3-6408.php,Sony,Xperia M4 Aqua ,8,
Sony,Xperia U,XPERIA U ST25I,8,"'ST25a','ST25i'",4.99,£97.50,£189.00,http://www.techradar.com/reviews/phones/mobile-phones/sony-xperia-u-1082487/review,Android,2.3,4.0,1000,2,512,N,88.9,480x854,5,N,850 / 900 / 1800 / 1900,5/12,,http://www.gsmarena.com/sony_xperia_u-4437.php,,,,
Sony,Xperia Z,XPERIA Z C6603,16,"'SO-02E','C6602','C6603','C6606','C6616','L36h'",5.49,£230.71,£242.75,http://www.techradar.com/reviews/phones/mobile-phones/sony-xperia-z-1119637/review,Android,4.1.2,5.1.1,1500,4,2048,Y,127,1080x1920,13,Y,850 / 900 / 1800 / 1900,2/13,,http://www.gsmarena.com/sony_xperia_z-5204.php,,,,
Sony,Xperia Z Ultra,XPERIA Z ULTRA C6833,16,"'C6802','C6806','C6833','C6843','SGP412','SOL24','XL39h'",5.49,£301.29,£600.00,http://www.trustedreviews.com/sony-xperia-z-ultra-review,Android,4.2,5.1,2200,4,2048,Y,162.56,1080x1920,8,Y,850 / 900 / 1800 / 1900,7/13,,http://www.gsmarena.com/sony_xperia_z_ultra-5540.php,,,,
Sony,Xperia Z1,XPERIA Z1 C6903,16,"'C6902','C6903','C6906','C6916','C6943','L39h','L39t','L39u','SO-01F','SOL23'",5.49,£229.44,£599.00,http://www.techradar.com/reviews/phones/mobile-phones/sony-xperia-z1-1177393/review,Android,4.2,5.1,2200,4,2048,Y,127,1080x1920,20,Y,850 / 900 / 1800 / 1900,9/13,,http://www.gsmarena.com/sony_xperia_z1-5596.php,,,,
Sony,Xperia Z1 Compact,XPERIA Z1 COMPACT D5503,16,"'D5503','M51w'",5.49,£222.05,£430.00,http://www.trustedreviews.com/sony-xperia-z1-compact-review,Android,4.3,5.1,2200,4,2048,Y,109.22,720x1280,20,Y,850 / 900 / 1800 / 1900,1/14,,http://www.gsmarena.com/sony_xperia_z1_compact-5753.php,,,,
Sony,Xperia Z2,XPERIA Z2 D6503,16,"'D6502','D6503','D6543','SO-03F'",5.64,£281.76,£569.99,http://www.trustedreviews.com/sony-xperia-z2-review,Android,4.4.2,6.0,2300,4,3072,Y,132.08,1080x1920,20,Y,850 / 900 / 1800 / 1900,4/14,,http://www.gsmarena.com/sony_xperia_z2-6144.php,,,,
Sony,Xperia Z3 Compact,XPERIA Z3 COMPACT D5803,16,"'D5803','D5833','SO-02G'",6.14,£232.32,£430.00,http://www.trustedreviews.com/sony-xperia-z3-compact-review,Android,4.4.4,6.0,2500,4,2048,Y,116.84,720x1280,20,Y,850 / 900 / 1800 / 1900,9/14,,http://www.gsmarena.com/sony_xperia_z3_compact-6538.php,,,,
Sony,Xperia Z3,XPERIA Z3 D6603,16,"'401SO','D6603','D6616','D6643','D6646','D6653','SO-01G','SOL26','leo'",6.14,£305.23,£498.00,http://www.expertreviews.co.uk/mobile-phones/1401456/sony-xperia-z3-review,Android,4.4.4,6.0,2500,4,3072,Y,132.08,1080x1920,20,Y,850 / 900 / 1800 / 1900,9/14,,http://www.gsmarena.com/sony_xperia_z3-6539.php,,,,
Sony,Xperia Z3,XPERIA Z3 D6603,32,"'401SO','D6603','D6616','D6643','D6646','D6653','SO-01G','SOL26','leo'",6.99,,£548.00,,Android,4.4.4,6.0,2500,4,3072,Y,132.08,1080x1920,20,Y,850 / 900 / 1800 / 1900,9/14,,http://www.gsmarena.com/sony_xperia_z3-6539.php,Sony,Xperia Z3+,32,
Sony,Xperia Z3+,XPERIA Z3+ E6553,32,'E6553',6.14,£331.05,£549.00,http://www.ibtimes.co.uk/sony-xperia-z3-retail-price-surfaces-smartphone-open-pre-ordering-uk-1503103,Android,5.0,6.0,1500,4,3072,Y,132.08,1080x1920,20,Y,850 / 900 / 1800 / 1900,6/15,,http://www.gsmarena.com/sony_xperia_z3+-6878.php,,,,
Sony,Xperia Z5 Compact,XPERIA Z5 COMPACT E5823,32,"'E5803','E5823','SO-02H'",5.99,£295.90,£450.00,http://www.trustedreviews.com/sony-xperia-z5-compact-review,Android,5.1.1,6.0,1500,4,2048,Y,116.84,720x1280,23,Y,850 / 900 / 1800 / 1900,10/15,,http://www.gsmarena.com/sony_xperia_z5_compact-7535.php,,,,
Sony,Xperia Z5,XPERIA Z5 E6653,32,"'501SO','E6603','E6653','SO-01H','SOV32'",6.99,£399.26,£549.00,http://www.trustedreviews.com/sony-xperia-z5-review,Android,5.1.1,6.0,1500,4,3072,Y,132.08,1080x1920,23,Y,850 / 900 / 1800 / 1900,10/15,,http://www.gsmarena.com/sony_xperia_z5-7534.php,,,,
Sony,Xperia Z5 Premium,XPERIA Z5 PREMIUM E6853,32,"'E6853','SO-03H'",7.99,£441.78,£629.00,http://www.trustedreviews.com/sony-xperia-z5-premium-review,Android,5.1.1,6.0,1500,4,3072,Y,139.7,2160x3840,23,Y,850 / 900 / 1800 / 1900,11/15,,http://www.gsmarena.com/sony_xperia_z5_premium-7536.php,,,,
Wileyfox,Swift,Wileyfox Swift,16,'crackling',3.99,,£129.00,https://www.wileyfox.com/swift/,Cyanogen,12.1,,1200,4,2048,Y,127,1280x720,13,Y,850 / 900 / 1800 / 1900,9/15,,,,,,
Wileyfox,Storm,Wileyfox Storm,32,'kipper',4.99,,£199.00,https://www.wileyfox.com/storm/,Cyanogen,12.1,,1500,8,3072,Y,139.7,1920x1080,20,Y,850 / 900 / 1800 / 1900,9/15,,,,,,
Samsung,Galaxy J5,Galaxy J5,8,"'j53g','j5lte','j5ltechn','j5ltekx','j5nlte','j5ylte'",4.99,,£160.00,http://www.expertreviews.co.uk/mobile-phones/1404479/samsung-galaxy-j5-review-a-new-moto-g-killer,Android,5.1,,1200,4,1528,Y,127,720x1280,13,Y,850 / 900 / 1800 / 1900,6/15,,http://www.gsmarena.com/samsung_galaxy_j5-7184.php,,,,
Samsung,Galaxy J5,Galaxy J5,16,"'j53g','j5lte','j5ltechn','j5ltekx','j5nlte','j5ylte'",4.99,,£210.00,,Android,5.1,,1200,4,1528,Y,127,720x1280,13,Y,850 / 900 / 1800 / 1900,6/15,,http://www.gsmarena.com/samsung_galaxy_j5-7184.php,,,,
Samsung,Galaxy J5 (2016),Galaxy J5 (2016),16,"'j5x3g','j5xltecmcc','j5xnlte','j5xnltektt','j5xnltelgt','j5xnlteskt'",4.99,,£160.00,http://www.mirror.co.uk/tech/samsung-galaxy-j5-review-samsungs-7665065,Android,6.0.1,,1200,4,2048,Y,132.08,720x1280,13,Y,850 / 900 / 1800 / 1900,4/16,,http://www.gsmarena.com/samsung_galaxy_j5_%282016%29-7869.php,,,,
,,,,,,,,,,,,,,,,,,,,,,,,,,,
,,,,,,,,,,,,,,,,,,,,,,,,,,,
Nokia,,N8,16,,,,£429.00,http://www.cnet.com/uk/products/nokia-n8/,Symbian,,,,,,Y,88.9,360x640,12,N,,10/10,,http://www.gsmarena.com/nokia_n8-3252.php,,,,
OYSTA,,PEARL PLUS,N,,,,,,,,,,,,N,33.02,92 x 44,N,N,,7/13,,http://www.oysta-technology.com/products/oysta-pearl.html,,,,
Nokia,,301,0.25,,,,£70,http://www.techradar.com/reviews/phones/mobile-phones/nokia-301-1133525/review#best-price-article-top,Symbian,,,,,64,Y,60.96,240x320,3,N,850 / 900 / 1800 / 1900,4/13,,http://www.gsmarena.com/nokia_301-5323.php,,,,
Nokia,,C6-00,0.24,,,,,,Symbian,,,,,,Y,81.28,360x640,5,N,,7/10,,http://www.gsmarena.com/nokia_c6-3229.php,,,,
Doro,,506,N,,,,£30.00,http://www.which.co.uk/reviews/simple-mobile-phones/doro-phoneeasy-506,,,,,,,N,35,128*160,N,N,900/1800,3/13,,http://www.doro.co.uk/doro-phoneeasy-506.html,,,,
Doro,,606,N,,,,£49.00,http://www.doro.co.uk/doro-phoneeasy-606.html,,,,,,,N,34,220 * 176,N,N,,3/13,,http://www.doro.co.uk/doro-phoneeasy-606.html,,,,
Doro,,612,N,,,,£80,http://www.doro.co.uk/doro-phoneeasy-612.html,,,,,,,Y,36,320*240,2,N,,4/12,,http://www.doro.co.uk/doro-phoneeasy-612.html,,,,
Doro,,621,N,,,,£59.99,http://www.trustedreviews.com/doro-phoneeasy-621-review,,,,,,,Y,36,320 * 240,2,N,,4/12,,http://www.trustedreviews.com/doro-phoneeasy-621-photos-3,,,,
,,,,,,,,,,,,,,,,,,,,,,,,,,,
